timestamp, memory.used [MiB], power.draw [W], utilization.gpu [%], temperature.gpu
2026/10/09 22:43:30.698, 670 MiB, 12.12 W, 9 %, 41
2026/10/09 22:43:31.712, 670 MiB, 12.30 W, 9 %, 41
2026/10/09 22:43:32.724, 670 MiB, 11.95 W, 9 %, 41
2026/10/09 22:43:33.739, 1006 MiB, 19.43 W, 1 %, 42
2026/10/09 22:43:34.750, 3264 MiB, 58.13 W, 54 %, 43
2026/10/09 22:43:35.765, 3168 MiB, 134.89 W, 52 %, 49
2026/10/09 22:43:36.776, 3168 MiB, 179.85 W, 57 %, 48
2026/10/09 22:43:37.791, 3264 MiB, 175.07 W, 62 %, 52
2026/10/09 22:43:38.806, 3168 MiB, 164.69 W, 40 %, 49
2026/10/09 22:43:39.807, 3168 MiB, 166.33 W, 43 %, 49
2026/10/09 22:43:40.821, 3168 MiB, 176.42 W, 70 %, 56
2026/10/09 22:43:41.835, 3264 MiB, 169.59 W, 70 %, 56
2026/10/09 22:43:42.838, 3264 MiB, 182.51 W, 59 %, 50
2026/10/09 22:43:43.853, 3168 MiB, 176.01 W, 62 %, 50
2026/10/09 22:43:44.867, 3264 MiB, 167.14 W, 60 %, 50
2026/10/09 22:43:45.881, 3264 MiB, 175.46 W, 62 %, 54
2026/10/09 22:43:46.891, 3168 MiB, 176.01 W, 67 %, 56
2026/10/09 22:43:47.903, 3168 MiB, 175.41 W, 67 %, 50
2026/10/09 22:43:48.913, 3232 MiB, 131.15 W, 55 %, 49
2026/10/09 22:43:49.928, 3168 MiB, 142.54 W, 62 %, 49
2026/10/09 22:43:50.940, 3168 MiB, 167.92 W, 63 %, 50
2026/10/09 22:43:51.955, 3168 MiB, 166.12 W, 56 %, 50
2026/10/09 22:43:52.969, 3168 MiB, 165.17 W, 41 %, 56
2026/10/09 22:43:53.981, 3168 MiB, 177.10 W, 63 %, 52
2026/10/09 22:43:54.996, 3264 MiB, 167.92 W, 49 %, 50
2026/10/09 22:43:56.009, 3168 MiB, 169.27 W, 34 %, 57
2026/10/09 22:43:57.023, 3168 MiB, 167.38 W, 40 %, 50
2026/10/09 22:43:58.024, 3168 MiB, 159.84 W, 37 %, 57
2026/10/09 22:43:59.037, 3264 MiB, 166.14 W, 69 %, 51
2026/10/09 22:44:00.038, 3264 MiB, 177.05 W, 62 %, 51
2026/10/09 22:44:01.053, 3264 MiB, 166.12 W, 37 %, 56
2026/10/09 22:44:02.067, 3168 MiB, 175.70 W, 50 %, 50
2026/10/09 22:44:03.083, 3168 MiB, 170.11 W, 55 %, 50
2026/10/09 22:44:04.098, 3296 MiB, 140.04 W, 55 %, 50
2026/10/09 22:44:05.099, 3168 MiB, 138.16 W, 55 %, 50
2026/10/09 22:44:06.099, 3168 MiB, 163.63 W, 55 %, 50
2026/10/09 22:44:07.102, 3168 MiB, 174.12 W, 63 %, 51
2026/10/09 22:44:08.116, 3168 MiB, 168.70 W, 62 %, 51
2026/10/09 22:44:09.130, 3264 MiB, 173.02 W, 58 %, 52
2026/10/09 22:44:10.143, 3168 MiB, 176.73 W, 44 %, 54
2026/10/09 22:44:11.159, 3264 MiB, 176.98 W, 68 %, 50
2026/10/09 22:44:12.171, 3168 MiB, 176.40 W, 57 %, 57
2026/10/09 22:44:13.186, 3168 MiB, 175.07 W, 60 %, 50
2026/10/09 22:44:14.201, 3264 MiB, 183.40 W, 61 %, 52
2026/10/09 22:44:15.216, 3168 MiB, 158.44 W, 68 %, 50
2026/10/09 22:44:16.217, 3264 MiB, 177.29 W, 51 %, 53
2026/10/09 22:44:17.231, 3168 MiB, 178.42 W, 59 %, 51
2026/10/09 22:44:18.244, 3168 MiB, 167.28 W, 62 %, 51
2026/10/09 22:44:19.245, 3264 MiB, 176.91 W, 53 %, 55
2026/10/09 22:44:20.258, 3168 MiB, 177.01 W, 50 %, 53
2026/10/09 22:44:21.273, 3264 MiB, 168.61 W, 54 %, 50
2026/10/09 22:44:22.288, 3264 MiB, 158.49 W, 42 %, 54
2026/10/09 22:44:23.303, 3168 MiB, 172.58 W, 56 %, 52
2026/10/09 22:44:24.305, 3168 MiB, 168.61 W, 52 %, 50
2026/10/09 22:44:25.320, 3264 MiB, 162.97 W, 58 %, 50
2026/10/09 22:44:26.334, 3264 MiB, 174.70 W, 61 %, 51
2026/10/09 22:44:27.344, 3264 MiB, 177.52 W, 64 %, 50
2026/10/09 22:44:28.356, 3264 MiB, 177.15 W, 61 %, 51
2026/10/09 22:44:29.370, 3168 MiB, 176.13 W, 62 %, 55
2026/10/09 22:44:30.373, 3168 MiB, 175.27 W, 44 %, 50
2026/10/09 22:44:31.385, 3168 MiB, 160.27 W, 43 %, 53
2026/10/09 22:44:32.397, 3168 MiB, 167.98 W, 47 %, 49
2026/10/09 22:44:33.411, 3168 MiB, 167.49 W, 62 %, 51
2026/10/09 22:44:34.414, 3168 MiB, 168.31 W, 42 %, 55
2026/10/09 22:44:35.427, 3264 MiB, 185.08 W, 66 %, 50
2026/10/09 22:44:36.441, 3168 MiB, 176.34 W, 59 %, 50
2026/10/09 22:44:37.451, 3264 MiB, 165.48 W, 59 %, 55
2026/10/09 22:44:38.463, 3264 MiB, 166.91 W, 42 %, 54
2026/10/09 22:44:39.478, 3168 MiB, 167.52 W, 59 %, 51
2026/10/09 22:44:40.483, 3264 MiB, 154.05 W, 59 %, 50
2026/10/09 22:44:41.497, 3200 MiB, 138.90 W, 54 %, 49
2026/10/09 22:44:42.507, 3168 MiB, 159.06 W, 58 %, 52
2026/10/09 22:44:43.518, 3168 MiB, 186.28 W, 44 %, 50
2026/10/09 22:44:44.519, 3264 MiB, 157.92 W, 41 %, 57
2026/10/09 22:44:45.533, 3264 MiB, 169.48 W, 63 %, 50
2026/10/09 22:44:46.544, 3168 MiB, 170.85 W, 51 %, 53
2026/10/09 22:44:47.552, 3168 MiB, 169.34 W, 40 %, 56
2026/10/09 22:44:48.566, 3168 MiB, 175.29 W, 60 %, 52
2026/10/09 22:44:49.571, 3168 MiB, 168.17 W, 44 %, 50
2026/10/09 22:44:50.584, 3168 MiB, 176.30 W, 41 %, 56
2026/10/09 22:44:51.584, 3168 MiB, 175.97 W, 66 %, 50
2026/10/09 22:44:52.586, 3264 MiB, 167.60 W, 49 %, 51
2026/10/09 22:44:53.596, 3168 MiB, 180.00 W, 50 %, 53
2026/10/09 22:44:54.606, 3168 MiB, 178.65 W, 47 %, 54
2026/10/09 22:44:55.618, 3264 MiB, 177.45 W, 61 %, 50
2026/10/09 22:44:56.623, 3168 MiB, 175.99 W, 65 %, 50
2026/10/09 22:44:57.626, 3264 MiB, 176.04 W, 63 %, 51
2026/10/09 22:44:58.628, 3168 MiB, 167.70 W, 60 %, 51
2026/10/09 22:44:59.632, 3264 MiB, 176.75 W, 61 %, 51
2026/10/09 22:45:00.646, 3168 MiB, 176.16 W, 43 %, 56
2026/10/09 22:45:01.656, 3168 MiB, 176.41 W, 62 %, 52
2026/10/09 22:45:02.671, 3296 MiB, 159.70 W, 49 %, 49
2026/10/09 22:45:03.682, 3232 MiB, 131.75 W, 52 %, 49
2026/10/09 22:45:04.684, 3168 MiB, 150.84 W, 59 %, 51
2026/10/09 22:45:05.696, 3264 MiB, 161.77 W, 50 %, 52
2026/10/09 22:45:06.708, 3168 MiB, 184.13 W, 59 %, 51
2026/10/09 22:45:07.718, 3264 MiB, 184.07 W, 65 %, 52
2026/10/09 22:45:08.728, 3168 MiB, 175.90 W, 62 %, 56
2026/10/09 22:45:09.737, 3328 MiB, 153.44 W, 48 %, 49
2026/10/09 22:45:10.747, 3200 MiB, 139.71 W, 56 %, 49
2026/10/09 22:45:11.758, 3264 MiB, 144.09 W, 63 %, 50
2026/10/09 22:45:12.770, 3168 MiB, 169.66 W, 49 %, 53
2026/10/09 22:45:13.782, 3264 MiB, 143.67 W, 38 %, 48
2026/10/09 22:45:14.796, 3168 MiB, 152.71 W, 39 %, 54
2026/10/09 22:45:15.811, 3168 MiB, 167.38 W, 69 %, 54
2026/10/09 22:45:16.826, 3168 MiB, 177.12 W, 46 %, 55
2026/10/09 22:45:17.841, 3168 MiB, 161.71 W, 66 %, 50
2026/10/09 22:45:18.852, 3168 MiB, 170.07 W, 40 %, 53
2026/10/09 22:45:19.862, 3168 MiB, 165.87 W, 43 %, 50
2026/10/09 22:45:20.864, 3168 MiB, 161.01 W, 59 %, 50
2026/10/09 22:45:21.874, 3168 MiB, 168.16 W, 52 %, 52
2026/10/09 22:45:22.885, 3264 MiB, 184.48 W, 41 %, 57
2026/10/09 22:45:23.896, 3168 MiB, 179.09 W, 53 %, 55
2026/10/09 22:45:24.908, 3168 MiB, 172.90 W, 40 %, 50
2026/10/09 22:45:25.914, 3168 MiB, 181.69 W, 63 %, 52
2026/10/09 22:45:26.928, 3168 MiB, 177.28 W, 51 %, 55
2026/10/09 22:45:27.931, 3264 MiB, 180.34 W, 65 %, 52
2026/10/09 22:45:28.944, 3168 MiB, 185.63 W, 62 %, 51
2026/10/09 22:45:29.955, 3168 MiB, 171.23 W, 54 %, 52
2026/10/09 22:45:30.965, 3168 MiB, 175.01 W, 53 %, 50
2026/10/09 22:45:31.979, 3232 MiB, 145.13 W, 31 %, 48
2026/10/09 22:45:32.992, 3200 MiB, 124.82 W, 52 %, 49
2026/10/09 22:45:34.005, 3168 MiB, 157.77 W, 42 %, 49
2026/10/09 22:45:35.008, 3168 MiB, 159.51 W, 45 %, 54
2026/10/09 22:45:36.014, 3168 MiB, 168.22 W, 59 %, 50
2026/10/09 22:45:37.028, 3168 MiB, 177.37 W, 69 %, 50
2026/10/09 22:45:38.033, 3168 MiB, 168.53 W, 42 %, 49
2026/10/09 22:45:39.044, 3168 MiB, 166.90 W, 54 %, 56
2026/10/09 22:45:40.055, 3264 MiB, 181.15 W, 59 %, 50
2026/10/09 22:45:41.065, 3168 MiB, 167.21 W, 60 %, 49
2026/10/09 22:45:42.080, 3168 MiB, 171.11 W, 60 %, 52
2026/10/09 22:45:43.093, 3264 MiB, 174.52 W, 67 %, 50
2026/10/09 22:45:44.100, 3168 MiB, 145.32 W, 50 %, 49
2026/10/09 22:45:45.109, 3264 MiB, 159.22 W, 55 %, 52
2026/10/09 22:45:46.123, 3264 MiB, 177.26 W, 46 %, 55
2026/10/09 22:45:47.135, 3168 MiB, 169.50 W, 64 %, 51
2026/10/09 22:45:48.150, 3168 MiB, 190.14 W, 60 %, 52
2026/10/09 22:45:49.162, 3264 MiB, 174.95 W, 59 %, 52
2026/10/09 22:45:50.173, 3168 MiB, 171.94 W, 56 %, 52
2026/10/09 22:45:51.184, 3168 MiB, 158.08 W, 45 %, 52
2026/10/09 22:45:52.195, 3168 MiB, 167.15 W, 61 %, 51
2026/10/09 22:45:53.201, 3168 MiB, 168.18 W, 38 %, 55
2026/10/09 22:45:54.213, 3168 MiB, 170.91 W, 49 %, 52
2026/10/09 22:45:55.213, 3296 MiB, 158.32 W, 65 %, 51
2026/10/09 22:45:56.227, 3168 MiB, 136.34 W, 49 %, 49
2026/10/09 22:45:57.237, 3168 MiB, 150.29 W, 58 %, 56
2026/10/09 22:45:58.248, 3168 MiB, 180.53 W, 56 %, 52
2026/10/09 22:45:59.262, 3168 MiB, 170.83 W, 56 %, 52
2026/10/09 22:46:00.275, 3168 MiB, 180.00 W, 46 %, 51
2026/10/09 22:46:01.284, 3168 MiB, 164.65 W, 56 %, 52
2026/10/09 22:46:02.299, 3168 MiB, 176.88 W, 39 %, 56
2026/10/09 22:46:03.314, 3168 MiB, 177.56 W, 39 %, 56
2026/10/09 22:46:04.326, 3264 MiB, 167.66 W, 60 %, 51
2026/10/09 22:46:05.335, 3168 MiB, 174.93 W, 42 %, 50
2026/10/09 22:46:06.348, 3168 MiB, 168.85 W, 66 %, 50
2026/10/09 22:46:07.357, 3168 MiB, 167.46 W, 42 %, 54
2026/10/09 22:46:08.358, 3264 MiB, 167.35 W, 59 %, 52
2026/10/09 22:46:09.373, 3168 MiB, 177.75 W, 53 %, 50
2026/10/09 22:46:10.384, 3168 MiB, 185.42 W, 57 %, 53
2026/10/09 22:46:11.398, 3168 MiB, 167.45 W, 48 %, 50
2026/10/09 22:46:12.408, 3168 MiB, 160.79 W, 44 %, 51
2026/10/09 22:46:13.421, 3264 MiB, 167.03 W, 60 %, 49
2026/10/09 22:46:14.435, 3168 MiB, 169.10 W, 52 %, 52
2026/10/09 22:46:15.435, 3168 MiB, 182.54 W, 67 %, 56
2026/10/09 22:46:16.448, 3168 MiB, 167.11 W, 43 %, 52
2026/10/09 22:46:17.461, 3168 MiB, 159.04 W, 60 %, 49
2026/10/09 22:46:18.475, 3168 MiB, 184.56 W, 60 %, 52
2026/10/09 22:46:19.484, 3168 MiB, 176.09 W, 62 %, 50
2026/10/09 22:46:20.499, 5280 MiB, 203.10 W, 100 %, 59
2026/10/09 22:46:21.510, 5280 MiB, 288.05 W, 100 %, 61
2026/10/09 22:46:22.521, 5280 MiB, 297.07 W, 100 %, 61
2026/10/09 22:46:23.523, 5280 MiB, 283.82 W, 100 %, 59
2026/10/09 22:46:24.535, 5152 MiB, 288.04 W, 100 %, 59
2026/10/09 22:46:25.537, 3232 MiB, 276.41 W, 41 %, 51
2026/10/09 22:46:26.551, 3296 MiB, 128.87 W, 48 %, 50
2026/10/09 22:46:27.563, 5280 MiB, 193.74 W, 100 %, 61
2026/10/09 22:46:28.578, 5152 MiB, 297.93 W, 100 %, 61
2026/10/09 22:46:29.593, 5280 MiB, 237.13 W, 18 %, 51
2026/10/09 22:46:30.604, 5280 MiB, 276.79 W, 54 %, 56
2026/10/09 22:46:31.604, 5152 MiB, 291.74 W, 64 %, 57
2026/10/09 22:46:32.618, 3328 MiB, 276.23 W, 66 %, 56
2026/10/09 22:46:33.621, 3360 MiB, 147.13 W, 58 %, 51
2026/10/09 22:46:34.636, 3232 MiB, 138.43 W, 52 %, 50
2026/10/09 22:46:35.648, 3232 MiB, 247.23 W, 100 %, 62
2026/10/09 22:46:36.663, 5152 MiB, 217.59 W, 100 %, 60
2026/10/09 22:46:37.678, 5280 MiB, 258.03 W, 46 %, 51
2026/10/09 22:46:38.682, 5152 MiB, 273.12 W, 73 %, 62
2026/10/09 22:46:39.685, 3232 MiB, 279.32 W, 82 %, 62
2026/10/09 22:46:40.700, 4032 MiB, 223.66 W, 100 %, 61
2026/10/09 22:46:41.704, 5280 MiB, 281.23 W, 99 %, 61
2026/10/09 22:46:42.705, 5280 MiB, 269.57 W, 99 %, 60
2026/10/09 22:46:43.720, 5280 MiB, 289.33 W, 99 %, 57
2026/10/09 22:46:44.735, 5280 MiB, 283.58 W, 82 %, 52
2026/10/09 22:46:45.751, 5280 MiB, 275.65 W, 10 %, 51
2026/10/09 22:46:46.763, 5280 MiB, 274.29 W, 0 %, 53
2026/10/09 22:46:47.763, 5152 MiB, 273.53 W, 46 %, 56
2026/10/09 22:46:48.774, 3232 MiB, 273.22 W, 69 %, 57
2026/10/09 22:46:49.777, 3360 MiB, 150.64 W, 53 %, 51
2026/10/09 22:46:50.791, 3232 MiB, 136.05 W, 49 %, 51
2026/10/09 22:46:51.802, 3264 MiB, 274.02 W, 55 %, 56
2026/10/09 22:46:52.812, 4032 MiB, 281.49 W, 99 %, 63
2026/10/09 22:46:53.827, 3264 MiB, 268.19 W, 52 %, 56
2026/10/09 22:46:54.841, 5280 MiB, 168.82 W, 99 %, 56
2026/10/09 22:46:55.844, 5280 MiB, 287.45 W, 97 %, 52
2026/10/09 22:46:56.857, 5280 MiB, 281.60 W, 75 %, 53
2026/10/09 22:46:57.861, 5280 MiB, 278.61 W, 0 %, 52
2026/10/09 22:46:58.873, 3264 MiB, 294.96 W, 38 %, 56
2026/10/09 22:46:59.886, 3232 MiB, 269.86 W, 57 %, 57
2026/10/09 22:47:00.900, 3360 MiB, 141.19 W, 50 %, 51
2026/10/09 22:47:01.909, 3296 MiB, 134.68 W, 49 %, 51
2026/10/09 22:47:02.922, 5280 MiB, 145.60 W, 100 %, 58
2026/10/09 22:47:03.929, 4768 MiB, 293.48 W, 100 %, 58
2026/10/09 22:47:04.942, 3232 MiB, 255.90 W, 59 %, 51
2026/10/09 22:47:05.951, 3392 MiB, 146.88 W, 54 %, 51
2026/10/09 22:47:06.959, 3360 MiB, 137.28 W, 54 %, 51
2026/10/09 22:47:07.974, 3328 MiB, 129.59 W, 50 %, 50
2026/10/09 22:47:08.981, 3232 MiB, 151.29 W, 39 %, 51
2026/10/09 22:47:09.989, 5280 MiB, 117.70 W, 11 %, 49
2026/10/09 22:47:10.998, 5152 MiB, 277.75 W, 51 %, 55
2026/10/09 22:47:11.999, 3328 MiB, 271.76 W, 71 %, 57
2026/10/09 22:47:13.014, 5280 MiB, 224.37 W, 99 %, 61
2026/10/09 22:47:14.027, 5280 MiB, 287.34 W, 99 %, 63
2026/10/09 22:47:15.040, 5280 MiB, 293.03 W, 99 %, 63
2026/10/09 22:47:16.047, 5152 MiB, 285.43 W, 99 %, 61
2026/10/09 22:47:17.056, 3232 MiB, 246.96 W, 34 %, 52
2026/10/09 22:47:18.059, 3264 MiB, 114.53 W, 50 %, 51
2026/10/09 22:47:19.073, 5280 MiB, 160.10 W, 100 %, 61
2026/10/09 22:47:20.087, 5280 MiB, 273.43 W, 99 %, 59
2026/10/09 22:47:21.101, 5280 MiB, 282.18 W, 90 %, 51
2026/10/09 22:47:22.104, 5152 MiB, 277.88 W, 28 %, 51
2026/10/09 22:47:23.113, 3232 MiB, 276.31 W, 34 %, 55
2026/10/09 22:47:24.122, 3392 MiB, 133.33 W, 40 %, 51
2026/10/09 22:47:25.131, 3264 MiB, 131.10 W, 49 %, 51
2026/10/09 22:47:26.143, 4032 MiB, 204.49 W, 100 %, 63
2026/10/09 22:47:27.151, 3616 MiB, 283.35 W, 99 %, 61
2026/10/09 22:47:28.154, 5280 MiB, 282.14 W, 100 %, 63
2026/10/09 22:47:29.159, 5152 MiB, 295.16 W, 99 %, 62
2026/10/09 22:47:30.169, 3328 MiB, 259.87 W, 59 %, 54
2026/10/09 22:47:31.176, 3296 MiB, 129.71 W, 42 %, 50
2026/10/09 22:47:32.189, 5280 MiB, 156.89 W, 99 %, 60
2026/10/09 22:47:33.197, 5280 MiB, 282.49 W, 99 %, 59
2026/10/09 22:47:34.209, 5152 MiB, 280.29 W, 84 %, 51
2026/10/09 22:47:35.218, 5280 MiB, 284.06 W, 37 %, 53
2026/10/09 22:47:36.229, 5280 MiB, 267.96 W, 99 %, 63
2026/10/09 22:47:37.242, 5280 MiB, 285.74 W, 100 %, 63
2026/10/09 22:47:38.255, 3264 MiB, 280.40 W, 100 %, 63
2026/10/09 22:47:39.265, 3264 MiB, 274.39 W, 99 %, 64
2026/10/09 22:47:40.277, 5024 MiB, 219.94 W, 53 %, 55
2026/10/09 22:47:41.290, 3168 MiB, 250.00 W, 100 %, 64
2026/10/09 22:47:42.301, 670 MiB, 125.04 W, 0 %, 49
