id	file	duration_s	sha256
1855	17113436913741548046.wav	25.860	82ac43fa718e4f6da6d69fbba3ada63f32c7947df59504864c3ce8314d218ee5
1855	10555751885736126606.wav	11.220	809b0afc5296df3747426f092b001f6147ac8277da31cd97c6faf23953be97fa
1855	13734019592211926155.wav	14.820	1209f98385f76fa041a67a599ee5035e114a370915cc4476b7dc5e124672974d
1701	4963712857525084701.wav	9.840	2d3d6bf148a34be080a76052c0d9bdab29c4f25f2c60062c14a679bda2d3602a
1701	3653977734852118277.wav	16.140	d2eb474344b331b9b9354213aa239f4109666be179f7597f0c157a6709c11e91
1701	11725654714821576978.wav	11.220	2b6dba16f02f4d9446da2f110836519cfc9803fc9576a2a6d5c658c938861aee
1980	12482370299689904904.wav	10.860	dd52e69275e22b67b8d6a5ed7484d8477c9d3aa319ee5d2ec0223b73768a3390
1980	2561524221067958936.wav	8.520	79c76128b79f11d8ec352de25c26716fa0bf0e63826b48ebd96e4e2899e498b5
1944	14996476656149482093.wav	12.180	bd3b688214ba63f99acf8c70ce78a398b6acec31206f564fa65aaa7cb5ddad79
1944	10347138311808731867.wav	23.280	1cba9b708b7a4157497f5e2d358aaa726137b4d1378ed3f74aaa29882fd979ee
1944	1175248235018156351.wav	7.860	153475234f28b80a967340a74aa2aa25f23791c0d240621f3bab217c2931b778
1713	14772366518870892058.wav	10.200	0e5c457d93e6aaee1efa94d96ef76c2d3a8652257f1e844b48d1a1251ae3e7bc
1713	10504450071805589678.wav	23.040	db6b2e990e13245f95ba92227cf6c22d1903ce6a34e2b86074523a7aa512637d
1885	17340904394278275929.wav	8.400	c0def789cfebd997c85ddf084e3e39f94eaf983920c9866efab1ea6ea59f2e2d
1885	3886596361103225573.wav	6.180	0cd6db82943ca1e296382c63cf32dce5f938924bb07e4999508509206b236dd8
1724	3812261423674718843.wav	7.440	839c807ff9b2f26efc5532589eaa872c53e74e3c351c9cee0a2bc1a4a1e74310
1724	12843660496630565389.wav	7.440	317cf6edd65852198992980e4f4f44552da36c5ae697fdfdda73529d38db19c5
1864	16004810575340028273.wav	18.240	da649f706234827ed95e68c5746d6e2d3c1f2444034993b8c59e1c3516cd17b2
1864	1144628591089987683.wav	18.120	5a822ac5a2080084f25eb34d3dda70e2d928f6f4fa066a7338d3de127101aa65
1882	9450525503727057365.wav	12.840	c00cb23dba4dfa9a85835c5c848861f3b903d4c12dfb8412e56d00b46694e592
1882	18026168807836015428.wav	10.800	981971890dedaaf28e28a595e656ba97ceb78f214567a56045de4f80713bdbff
1718	14743079206182242094.wav	14.520	a5ae109ea989c05e594e5e578ef382fc01bbd062c42a3ec50cdd343844e4e243
1718	13327484359514762408.wav	14.880	e587dec28a716ed8b5c68585c1ec8a8ae47979d4ee38a88b82db53a1594a57f9
1757	4912300559226683422.wav	19.440	c1a9774155a2af49dda8fca95c29c218af31f6431c275f14ce99153b65fa294e
1757	6479202151955421212.wav	14.700	732b109b914887a85d9ad95fe25e54d021522c80b45c910a03b38520181a6665
1696	829120786432280030.wav	7.320	3a7f2b023d3a40609ccaabbc790fb75dc4d17cacaf44e824cb764a7afa1eb9a9
1696	18208273162967463359.wav	17.700	048d24ccb82eee658dde47133aa3e3d32899edc21f32e858877e53b4658277a5
1674	16512809721737584620.wav	12.060	e36395dd8247a6e70acd8b9cf0f3ec3782f57fed0052f00785c3a9506628cf33
1674	5206839124674557105.wav	5.460	91a3cae82555ac4a2bdcbdee192fc00066093b00c29b7596b9f2ba3da1917639
1674	8570942209470725152.wav	6.180	aa3aca28fc22e576424b950a1165f1c40db54ac9fa90d99372f6b0e905c3a5dc
1999	3543431813467030777.wav	8.280	04671828a1fd8f03d8f4489f6c26adb3dc273ac7fc8bd2f7574d71aaf12aaad2
1709	11916043699055235066.wav	14.040	ff346da01b0337441f7c8b7589424fd1a5d124b18446404deba11d2c3209199b
1709	8597498256286704239.wav	15.360	7e29d86543319d45dec840b8e0b6d8596d06317ab9d351ffd38fcf594959d80c
1709	6789004353973995727.wav	9.720	1359e8cab25a003e1ae9dd3e1bee332870e61568c4ef04739ea1b3fcac57fe48
1784	1787482183202287422.wav	12.360	68aa9cc456007440c4b8c5941384f5ad3dbae324014ef218a01a2af897fb61c2
1784	14664874893999279163.wav	16.740	258f9f95db81a0224cc96eba92f2ca12581154ddd0aa76121276e69fdc0161fb
1784	11113920537062054485.wav	11.160	1839a911e07ebb4118ae91404d6e869d2e3db9d350664815d3854b099dd3817f
1777	10243976286554101786.wav	14.880	d202053a0385cd44a3fab0d5d7b8df0d9eb8a3518f2e5fdde73d1eedc0c2ba3a
1777	152471765559000662.wav	12.840	0034468a0de1fdbb12550ff08cd3752c207b1c488b15290f5b6b5b277835ee3f
1777	18015686419206803238.wav	9.480	55a1fc480e72762f83368a990b113f09e48a105ddb0b605e1cd239e970d8b910
1897	7449746496897667416.wav	10.440	6e5976e03e6ae867a68afd3ea5b2c687510efbfd54fed52f286218de1bb9c77b
1897	1230554609171138786.wav	18.960	f66a1c802b2d16054da6a53a3de7e0039bc30c709975ee76540676b56c06af76
1897	4397057978369044928.wav	9.840	9abb6eca46d0eb3bb659e84cea8f0fdb724b07b1479f6da48ddfe4887cbe22fb
1663	7488275135478003184.wav	9.780	538728d89645fe6c1abd6e090a03c5b34d43c97c754d056747190f36bb672439
1764	16481527399735957402.wav	8.040	d6bee55f448790dbb370e1f35dc103628e23cec148379b44537d4e1a6fc1cc04
1764	322566282770044812.wav	10.860	0b53939b441e7caea1ecf0a1d8d367efac6c5f7f219a27da4f6b920951234051
1764	12096938210340365820.wav	6.180	301b98da12fa4aa0bf9c524fb73b48953f9812fc2c1a46703c3517a01ebbf062
1857	7747890228345208209.wav	9.360	abcf7bd3f15dbfb34583d3d4e548f44881821121e4adae98d037ebacb09d5436
1857	11906634980733046933.wav	13.980	8931a22c8070e4e891242abe986fdcb01abc6c6a276edfa0aef52eaf372090e3
1857	15314143573599772462.wav	21.600	4103e9904b54c46c411e4aa97a572378729f1550df5a3294cec71041add8f395
1986	12215366172446965404.wav	17.640	32920b950ce74ab90545363396ee9dec019371073747e5e6f6af991fbb9a8dd2
1986	10989166449458270876.wav	16.680	b913f104942a4dbe189b3e95aa8f89f3b7d8e4efabd1b6ae7c7620f5731ebf4b
1986	3071694853075190575.wav	17.280	d1700797bdcae37505cf6db7f91362e2d05078d2cb700c3c096fe9c50956892e
1824	15995646986316362748.wav	22.260	a40754e2d661c4fb59d78fdb0a143418b34bb7d3d10098c5dc36a09beeb9963c
1824	17466232517197398527.wav	15.840	35d94d92ef80152428cb3d9f0f1b3275e361ebe730cdb9e0e0fe2f2aff1d6535
1824	1808370668876964323.wav	20.760	fa697f791f92e974418e4044edaede34da94818797cf68d30817fa397efec59a
1752	1368065425607103631.wav	13.860	c67d5af3b7f6464a1ee1a398f2bd410c62234d166f2826db7e640a6f62f36cf8
1752	9957275888441805405.wav	7.500	83a49305bb986049037557aed55a35fa6c92d362838a250745b56e227a5ccb4b
1752	16017599593113495706.wav	16.260	b954b056a0c392b9a24d44d77d61d5ab4d02bb29aa0ce832e5476bef9ecb956a
1839	2672131145166681460.wav	4.260	dc25a63b752a91dbe312395bdd3b8c4b17389b0c0c36eeae8193789b3f2328ad
1839	17194386507947520507.wav	7.680	2155364e93c27fbd47c5c0ba97b23ec976b4e0ee564d2e7a05a2fdf5612dff9b
1989	124264283562190227.wav	17.820	4f451ab7d589f2e6b7bb113b81ba22af05e57ee723a793e6477c2b9c2dcfeaf2
1989	6437487662759955081.wav	10.800	e447824c3771506058451555cdc785c402d52c3d9ca690d140fecf105d08d6a6
1989	4532739142057364258.wav	11.640	e8feff6d376ea5388658538c974bb5188253d6db3d15e048a6f04d9ff5200f7d
1951	3614715373037403768.wav	15.240	f0ec6b4ce79933d543c8dfc94d69c40a6da5ae34314d07a914d368d35efc3234
1998	18028526040519304080.wav	9.960	475bee1129e8554d178e584ed50be8a32ade6d91069f3133eff1ee7d9261a1df
1998	9652470681716559570.wav	9.900	04bd15f1f6d7305fd31bc5bcf8a5bff24265f3bfc40bd9c3453a0be0d51af34b
1998	546161551020398535.wav	17.760	7dfa21016b4f866460db174969938141692ecf9f72abe4f438290302139c960a
1807	5552436957235740608.wav	11.760	6a70907de82775477042e30bba821acc154d14309930ec896409fa2f7c5fdcb2
1807	14933254081141139593.wav	7.560	88fd3608228f49ab5108ce58dd6509f4f4afc01c00e896880ff6cb838534dc41
1807	5586132529099956586.wav	8.040	b9005db37402dafc89c11421cf07a1c9f665acef3c7993f827591b42abe79db3
1803	3943936982120727450.wav	10.800	256f92699642c2a37015edd28dcec8165ac950780cbed85d3b6fbe1e797a3ee3
1803	6426875064818704687.wav	19.380	ab8ac39a390c0e68bd57e92514f6dc3162c830573529e925a6329aab60a663b4
1803	16164587263957019798.wav	11.280	ca12b8bc7c66bf96e07427e653968d2e82c0344db0748dac3bf9085735ab9634
1795	4174379654895279374.wav	33.120	60156ed9780615d0d9b03fbbcae9aa9f5362176d3808bc42ad3c592d6dfc8222
1795	15701810135013960619.wav	13.380	dd57106266db65dfaec73bdc20347722a50e9a36260a86ac5a3167e2ccf2d705
1795	15824620871868309906.wav	15.420	bcdbefa25007b1e5fbdb3ef8974d453d87a7351c56d2fcb6e1e0dc9608d8707f
1820	14746099547215924567.wav	10.620	233a2a8d4e46dd5fdce6981d60a08e6c437ae64e56f68783bfde62294ea1c7ce
1820	1999440860307920162.wav	15.660	ea50f7efa53cb30131ea14ec09e0392591bca9ec43d90d199f8efe4d5638c072
1785	908881885657929661.wav	13.020	da4c0ac837d518449ff59be9a2b3a70621ed9762172eaa1c9f133006b500a5d6
1691	7451112490045072794.wav	8.280	80b5b229f7dd92838e8d870255b7a18b0be46843cf06ae5f9348545449661773
1943	9405132888018435596.wav	13.320	2c8e53c5930872fa628cccb8fd65e6531375b4ab841150225bc721b8b220cb02
1943	6495654880794822049.wav	13.200	a070d4b82a2869588aedf03de5716fcb50bebafa730d392778c1360fe37e5eaa
1943	17429266042571921974.wav	27.780	b0453b2088bc8c650ab4b3ecffdb9ff47165940b21cc45b14450cd4b88284e80
1749	8985978690235631242.wav	22.740	1d3f20352d07ffb31b78ce17c8a6b89c6a048ea9e180667a42a05a40be08ffeb
1749	6166714273643756278.wav	23.400	00ea952cc5a3e399fd48b1f5c449d43ebf747f2bee4339efedca69e4d9020ea5
1835	16429573754852689412.wav	16.020	e5e87e664819b90a45f1e6efde65ab232c63064c44c018579f95dfe57a2e2b5a
1835	9077747670551316970.wav	11.760	c97097f5e359af51718380b37bd8ab08d66423f90f6fdd346b97b3ab107340b1
1865	12041023072861500629.wav	12.480	9d4b26c0b5f0fc3eccfac460395778e06779a72098153833af14154a670b835d
1865	8144671235209175366.wav	22.020	226465417e61e9c7eca0b2d75b2d603df90eaf62f5c0ef22afa093e2b06d9238
1865	8447741725791647567.wav	12.600	56daef3adbea1dd3be82275aec52d2ed8aac07be21a12d08093e65ae464ba47c
1868	3230861239570803765.wav	15.960	549b6154f73125edc0b62face2421fd59337573a1e135b287775ad25ef8be379
1868	7087579253292808132.wav	14.280	350afd2425212688045cca23af2369f3f6da6bf1a7a345f7aede096fd8839394
1868	2959486676174874258.wav	14.520	05e21a066c296874d09ba9efef619cde91b05a6143959fb4aad6c543da167378
1825	9086428032084051145.wav	7.920	9df9f96264ba2d41963b7f6b0095c8b628682384df2c7b037ccfa7ff67bff044
1825	6588513159794967986.wav	9.660	3ebf91bdd7820ae60f63dac056bd2d546b7c15e5d1e6a5c98070e5b3a250b8c5
1825	17735539935306851809.wav	6.000	14e16721060993d0086002f9181ce1bd55e5b3ebe564b184df6f45567dd76707
1881	3310355866545863963.wav	12.840	fca77a1cd426d3e033a7cabef1633c71df189de21e8e1626e8eb84047e7b7cf7
1881	13142023043335832537.wav	11.040	ba0385a22900f30b9d3935dbdb412907ae386fdea161a888aa6b5f0aa92bf2db
1780	1454742602800191156.wav	13.260	beaec18dffddd7bc38087118bc18ac48e5f3b4cfe60ecebfcf6fdcd61ec7fd93
1892	17560320841359480181.wav	15.000	fca917ed4d57d236e8cdf091e93910891ff7c811f0502dae3a993906a7f51fad
1892	2433418702956382699.wav	9.000	4dc149f11b3248f0655f9e51e90eddb4a8179f6d586856cd7c3ed3f29ec99fe9
1969	8217437349829675281.wav	20.640	8c2ab6d928841c95325e1b1ed3ef50e0653d0aa33edb30800996190c59bcb7b2
1969	16664585007179141407.wav	11.640	885338eb26054eef6abee522aa7db0abd0dee1c62d6fd9d1a1e483d4ac7c7cff
1969	11137415103887998126.wav	18.660	80a964fcf1fdb5421e9dea2f2ec65c7135716e1d7a94714f8818a89a909fc9e3
1791	980502554629108510.wav	4.800	6e2a488c619eccbca4c857bfd49341c21d78d50da9d906410d336ffcd25f305b
1791	8665714398148335859.wav	5.040	892e4c5d24a682bd71623dbc3bf11b55df2a0346b3831537599d0cbf5f3f7779
1791	5921179702767736147.wav	9.840	6d4de42733ee3b28a71e00b4d00317feb19516d4f815a3f0de5e982ae3afcb53
1670	10376367261184486277.wav	46.500	b97fa75561cf8b4525e4ad3688c0c31494e59ede1632e1e7193801f6d6c85a11
1670	10844590730633377222.wav	21.120	a2671212059e0e1be57eb72678f056c613f40ceda0441c38527d14a5f9302799
1895	9320383698486854080.wav	11.580	e5a485dbd577a7e282ff6139d46216432d5d5c42ccb92aa749a0fbb99275104f
1895	8807034089787641032.wav	7.440	efb3eb9bc6f1f0d5e265a3c5d16104c9f1753aec49fae920d6b12599ac2d2bb4
1755	2871815018664803360.wav	8.160	979413bac5e17c8eea61ca756fffbdc4a34347f09a9a7915987574895f54666c
1755	5370296389710679540.wav	15.360	97dab2915c2431fed398c8711bced8de3475a318ecf1e3f3860b4126459df8ba
1931	28000901092627742.wav	18.480	0c5e3c3457a623cdce0af4c8747cba2d8ef9bb40674cdf711e382bd501a69813
1931	4738289086865623163.wav	11.880	13d26d1f697775140fc79f0377ab612da126bc88a9ba927b587871d1b0c58d67
1874	11358709825893278584.wav	9.960	44a99c44d691876efa396be7b76d2b0e9ad38952ed25a6b40830ec5fe6e947ed
1874	17388942198486299228.wav	8.880	901b9ac9b3726fb4e3f8ed550dcac79de0e467f64b3cc04faa5267ea47a0ec6b
1874	598994941211521054.wav	9.720	0f7b11ec4c18d697a3101efef114bc9b4dd37d1dbd2ac0b011be5736f94afa69
1898	4037863062363267429.wav	11.580	ade45c100be4ace65b89b27347d25f38af4c04a9fddd5e1084d80eab1e69a996
1898	4715640536280748422.wav	11.460	55de49c449e3d77fbfe390916e49433a229f74da9785dffa683ec2fdb1e97239
1828	12203116308364043833.wav	14.520	e557a6328e9603de6321c2d269081a083388aca30bc142e32161d2ab6ce62bd6
1828	10389623687459114198.wav	8.520	61be666681c84b51816d81b7ae3bc8db32a4eb5432bad31e0a5f848cc00c008c
1900	12798784392566195777.wav	23.460	597cc840a21212c066e45ea27ffbcd147319609e161a9f643e9b3997d8e508e6
1900	13694587111430500853.wav	17.880	e96a20605048bd9c327b2a38106f6f74091f4d196c93126d9610405e983a16e9
1900	17247279665084969441.wav	9.480	466702cf2a40beab3edc7a77e13672e5aec1c1ec2b0ff488d76edc6ca1a44f86
1877	8157813197855128219.wav	12.420	56dbc86de73117b2c3ad1f5099c3f181a3b25c9fb5dbcc2cb30623a78a1b6516
1877	6723367092806959009.wav	12.480	2a85f43a43a65210dcd16b63e7e29a6b13f6a43d8ac860903a7ed72f6729aa84
1866	17911185814913155585.wav	8.280	8f5e5123565458db68b350159e7f1a0422127476cee5223ccd2f0f9e26404a3a
1866	4493266777395947897.wav	5.760	2e3678b39d1bf628fba7ded797257a7e5cfbff0707e6fdcbb7a324352160c305
1866	9148862024128639643.wav	16.620	83e0469ef4f57f29e840afd1edd78b7e78bafeb8e6d75ad0ad87fb99d4a2c778
1964	17517705986264119264.wav	23.280	17577a950eededfed73fbe03d20eeadde26157c9d7521e7b87808e07e730e9b8
1964	7153973932981264750.wav	8.940	5d9ce39664ea96ddd228aa6341a746691d37056340d4f5f076f3e1b40bfa321c
1964	13196548628334163295.wav	14.880	122871e4ffa0d5da789eda9dcc87dfb391f2f16c8c27ff610cfb5bbd0d870ef9
1920	16891670336471039372.wav	11.580	4ccd20a1d22d8328dd7f57a31487929c5c1fedbedd614bd6a28cd10be20739e9
1920	8666869348787019984.wav	8.820	2f00369250b8f1a5f9b282e6278da21492d55bf18f72f3e28f2fd75a510f609c
1920	9221360912861828412.wav	19.260	b770919b106360c87c26d7687b78fc47952bf79d8047096045ce9daa88e5c978
1814	3302798769392930530.wav	8.220	57fade604e131a496283bc99a13f641d73ee168c2d5db8c87ef339243edcfa08
1814	17107064293819566066.wav	11.520	16940fa0bd37a1f8b50e4d3929fabb7d3c5c30892bdc6a96c9793aa7308e294c
1814	116671316040599931.wav	18.900	698950465058865cec55bdcbfdd02a563e44dd1f8186af3c0c7f77594c83e9d8
1737	13733246753245083133.wav	5.640	d06840aeedd881ed1612f06d9a045c9adb5283f996e62a015df6573cc88805b7
1737	6127189982535861294.wav	8.400	2f3f96f089679567236866e1df9bd1496486d91d9fb0d878c448ca17dc456e15
1737	18438521521521973105.wav	7.800	3956a5db844593dae085702f99db3af735ff38d4cd5dbabf1004d4827efa0ddc
1717	10618529918679729733.wav	13.740	ff37ce781e37dc87971bacb2d2f86c58d69c2b99295be31ecdbab8dbdd2e9624
1717	7731750156237782953.wav	18.360	cfe936b8361757ea3cb3b0a31a62578ef779f9f0aac7dd0e9bfd336c42f9460a
1717	16766884844630512765.wav	13.560	ae3faea8ea6ef1190f7986d3335b407974e927cd0d9cd5dfd8405705ba6c13d6
2003	1466939857313988817.wav	6.600	38edddddb54ab2e53963882d107edca9733bba7db654531c5fa463cbacfe676b
2003	2407313235107418242.wav	9.360	5a3f4df9e3ded26ac606cda7fbce72357018d70a549176a190503134b09ce6fe
2003	10004059102127011984.wav	17.940	1603ed8fcea31a7f32f51d137eaa3516d15aca947898b81a136f4a9732f08ad2
1923	3975961929423531534.wav	33.060	e753a944a9811d6ca73b700e51f6e0d5b81ef896b73820f6876b468878306c07
1923	10672259812560738589.wav	13.920	e24e29cd0f9e219ff533beb5101feef45201610ef74b200d62b3142fcf0b509c
1662	15175045596108872942.wav	10.500	1c7a591ba5e952adac7d56227eeea42807ec7844541e58fe6add6df1f186d4db
1662	5763232029126848552.wav	10.380	a6cda6a5bf4931db5f9a630f693bafb428ed7144eb25dab0ab575f70842af602
1662	11871610055270234526.wav	23.460	cb4108041c7b9ea6d0ae9109b810646b954646476225c632cf0fb5bd6467ac53
1678	10271188615398617841.wav	16.020	240d285a0a7edbf7032404f999a800345e5d265e10d3c65e20caf2a4fad73e14
1678	3587837236800085976.wav	10.920	ff9b5ce1d68afc792b8c477de79691a111bb622229e2b00fe4b619cd7005185a
1678	710260428754660149.wav	9.840	b9bbe05aca875b553e43e9f7e9f9d86d2f08031e57f9fda6c6af579288cde966
1765	2479748272693363305.wav	9.960	7c2c199e8da67ede34bfa0f9ebff04daa0687ad9a139e937c225990b0da02b53
1765	5769287387703846652.wav	9.000	b06aabbe2f7a096ce8252bf16559c11ed9e8549c3e48d27b375a7fc43110cf32
2008	11842575003338313546.wav	11.880	fff455fe321e404ec9aa7a58472861b86379028685889d300b4e75297a9c58ee
2008	10559065632722111401.wav	11.880	c5adbe332a7f393ab133caa932cc7f0c91aa9b1fceb63b184bda22e58d589c69
2008	6929877932503939126.wav	17.700	387cb299c1f752cd0791519434889351f37d77a303008d913bc766451e5cadab
1955	15660385534242761942.wav	11.460	984922b25b9cb991ef020acb7cb68ada56405c86b0b5ca8a7513d626f05439ef
1955	18096738190126625993.wav	22.380	dcfbdb49c91e1b83744b9f7adbc5bb43734412cc149d8aa0ee9f5e12ce547386
1955	5379493799074984147.wav	12.060	aa0d837569742b80615067d214165e91854d297369810e5c4d7caedb9f3697b6
1761	14242568589524674411.wav	15.420	9bcc9b55bd0cae0c53eca808d2cef6aa2cf1750e547e04356969c5161839c2ea
1761	11370832823724343594.wav	18.540	5d45720419fe3e0523974016402be727b95ede3dc92175430c0d60e8e0d8d5fe
1761	10791939710393622013.wav	10.380	70d966d6aa7ef33caabf7cdcee466ab0cdfab039b1d3aaf8f8a632bc0fdd645b
1735	5588377578874001231.wav	34.740	d66924f9cb84d26627813ba8763b191914009242339ad12508dc6d31eb12157a
1912	3857129364489692667.wav	22.920	9a21d90bff7d54914edee9ccee80944a2c78c1953699c50ad63e2739ef61de3e
1912	17886806029176830206.wav	18.000	f6217f9d6aaf4f6e12db6f4b0dc64215ab38cd8ba20db70f4ab5bae7db123034
1912	1380060117450908075.wav	11.160	7fd2da465ed8c3a42d77a561863f19bc0c47974009e4daf640d3dec8454be1be
1928	16308051008387469731.wav	11.520	d9948fe4a0724644d698487227027f7a0ab8446b98a6f118fb724043fa693766
1928	14249094613177688476.wav	9.960	d3a84f18682595142a04a7bb6578df18121caa6b6e69b49f6ffe5df403efbab7
1928	2543601238923640800.wav	11.100	8fe786f781b4b2789e892584b9641b3c80e19a31405ec54c0aa9634d9d1fc897
1810	9934294391860911787.wav	15.420	afb9cc645565f4684923a95039d15390e85972e20878786e183e9e50833550c0
1810	12885532246409678941.wav	10.320	9944dd97aac04a82f4ec535de0b2d3b11172fdeba1cba61e3a378f396a006b65
1810	5404256191198548436.wav	9.360	06583c115e9a81bedb863969786bd2bc42c40e8e6dcbc4d10262f6e47e24f8ab
1907	14375554165720834922.wav	6.360	d1116f83b0a2ed93232d6832d1ef928a7425c1328db6bad47eb530b94287933c
1907	7287665820187472639.wav	8.820	0fd49c3c28b30dd55fc9e64ae3d53acfc00d213e6fd60b117bdfeeaf7183a637
1907	10400220672903290490.wav	19.620	dc01a2754eef103d2858050a7ab5e583b98428ff9834f88a8205c62de17ee9e4
1909	15040514611974983460.wav	10.200	78dff7fe8afec724d9baa3f03a612323ad01a7acbe1ad7efc25d1d3f7758b3d4
1909	7453074347492966199.wav	7.200	981b132ba1f2b89bf99731625768186db676b632b997f72ea1d2c021f066dc1a
1909	7922115011535821573.wav	11.520	0e69989b6fa6effa76780b1efcbf4d772d0cd8865efc4045b938777e5c1980b3
1936	11438904996847579220.wav	36.420	d491e5bfc0fd68dbd18cd1f4aa04a38604fd3cd7403c5287d32f118a5f016f54
1936	8082507892744590125.wav	22.560	27a9e95efdace21573d88e1603baa75051c5a0686155ca2391b3ea6d28ebd0fb
1889	2734197967797707964.wav	8.880	5e2ebb4dc96c99459c42ca61b9aabee4cba54231f1284e539a36933cea4b1f03
1889	4253549905132833169.wav	4.920	80d0190e259c5c683f95ef6e88a14fee98bae2197c6a7138aee6d21cda790da7
1889	13619903763102250854.wav	4.800	708314a4b2fc7bb6693382390668eded191e56b0498283eea44f6c608f11e3e8
1684	8541622485160879804.wav	11.100	0dafab51caf3b9a85bd72ea802b99b2a167bb09d2dbb3f8b33a4f73c8c2baf10
1684	1944992693724556567.wav	12.360	aaa15c83482fe77afec14cc22a4f8c72b5ea039f21296f59ccbe281659725951
1970	13269734152533630938.wav	15.780	694f6380d4532373d4d1e7c9aae7e8c43432c72a87aabc2ec5e2047b269a3852
1970	7824741208254017353.wav	20.640	0c0f1b550e814b23052d841033dddfc0b99df8029462790ec1fdf7cef4d9c0d7
1970	7207932866503807321.wav	16.200	f56e76efbfca1934b0601931b9358e5fafe8ea952fc0cf084c67ed62ee57ccf5
1913	11958203825106619638.wav	7.920	5e6dca2dbacbb280ab7eec238337f05a8fcd2b0813d4cef5399ae959539abbe5
1913	4110311758439698678.wav	11.400	25fe7da97f639f0b1070ab07570f5bb0be5e0bd5d75b5cc206aab152eedadb05
1913	144309609124407386.wav	7.920	fb4775f254f79e2103141ee22c6acdfd00e131afc0e8225ce834d1920c01f9ab
1910	12628233572987997427.wav	4.440	5d753cc6e86cdfdc26b4f821385f2504826330995e83bfd5b2f344d4eca137b6
1910	5135202912458287728.wav	4.440	3f866354af820c8f42f01cb037ba80f321509435b212fe44aa2abbd271dbb520
1987	4515480142585050048.wav	6.960	74120acfebd064ff1431393c414fd22977d6040752c7aad5fc8a8516a6fb6c0c
1987	4444142340946375189.wav	6.660	384fea10835e3495868de146527917329cfbd17b2f850ca32fbd3b50346fcab9
1990	10095057775426831514.wav	12.960	fd254f62c724d0db0c1e0d288dbe121a4770ecb5b5547fad91d28a967d454499
1990	2139112508882471098.wav	20.040	09f70d1bef1ecb3477a99c0e9900e2b81fad95b04f2bea64fff489288271ffe0
1990	2915763791161019886.wav	17.760	e6244d9066b62cdde5f4d16abfb03e2314e0975fc13880509aeda8057e572b9e
1798	11955192556101782814.wav	16.920	ecbb1197230f154ce48f39d8990107571eed483b1782e71406f9e7270401ca28
1798	13284582295450051238.wav	12.360	503381d5626ada21480de4f56074a2a83f46730c157fc06d20a20997c4a34443
1798	12072090228137530776.wav	9.660	56fa91a8e2c6e0e7fa0cf085577a7d210fe078e3f0189e7d58362e44fb21b214
1871	12058857074198713343.wav	10.620	258a5a109236ce905f4440073fc9182e43bf52d80489c391b7753a9cb57b31fe
1871	5395409816123967672.wav	15.600	73a368e0bb62d75146102e7a27e9fec4854a2acf304c7f127a6d9592d63342ba
1773	14050580181786701671.wav	9.600	899436942aa6826fda7a5e812eea2494695d581a7fbea29e6b448d8e500fada7
1773	6371198155097932831.wav	9.660	c2f733452f2d1b68dfdf764190ef904663966f86732f387ca48ca58ba71739fd
1758	12158105387710574116.wav	8.580	2120874058b89415c7e47a2616f920f0fcdf95fa4d7844dbd5b1b10392791544
1758	8247862357415812466.wav	8.760	048609f316c331fdaeb7804757305fd2783b6464bdcd7f6817b9a99194c8720c
1758	3667551254842304292.wav	18.900	7801980fa9d3cb4a360ff207747c5f7e2a4213512748ae137a2b300c606e34ba
1879	6774134272436393651.wav	7.740	8094115cc7aa170da2692c76530e45d10a87678ed06ea0234527fc59e3dc8f40
1879	11498165301012528270.wav	4.980	945fadd1b1e63aa4db808ae6fecb99d7b8e0fe33dd59f8f6ad7e4188cd95c969
1879	13346469759246625034.wav	5.520	f08ea61443da526417c6da3179601cbf17437b3c14335e8329fa8276bcfc1382
1919	15546224334452981832.wav	25.140	bc6b9d37dab852fdffd807ad58abf95f4175156de25f2d2510557fe90017be5c
1782	18252576043058323640.wav	18.420	5c3fe6ae39429adcdaf69bc581e89675ef4e21e107410b5a5b1d38e01e087e41
1782	255349151496739862.wav	18.840	9ddc60040bfc2857923aff249eda88e07214c60d5f37258f53d03302633926c9
1782	17094668703447110905.wav	32.460	c36d51f1f7902861977d1dd224ff5fb33e293013e102011f9cba9109fa0b60ac
1793	15610717007160579426.wav	10.920	0ace042ef27901588fd062e5e13507f8e11ddff619de38541c0bc0108394fe5e
1793	5737374555159945245.wav	11.640	2bf2afecd7b4357640d9b2974f73444562f35336f51610757b3e3842b60a680c
1793	14508397840972616920.wav	8.040	97aa80315355d3bda3182f997adac9aa0c3b64a00543295e78a5e68336fad9b6
1739	18147896924797983877.wav	9.180	24304b2bb77ba27634731fdf46f9525a124da599aeb5ad975fa84907a59ea33c
1739	10058186628567796965.wav	9.900	8859c90aaeeb54915cc3a7d0010aba564f996f1bc6f393f184a06825d0940090
1739	6229349588661215929.wav	6.300	f2dc5a11769e05a256783e278dec64437df31d701880bb5a11bc1f2e0c59b223
1977	112002364196740352.wav	11.400	71c0ad63f106b60e5d62350e2ebadd0c948fa4166fdf04234c914767b0e8a4be
1977	6893182510381045059.wav	6.720	9c6b27569906d141c41406e396895b0f225406dd9843966aa81a4026092560ff
1837	18133188646735729539.wav	15.120	df0aabe8afc71202e0b0edc5988585e1b118d1d5243b9f75eb5bac321e861408
1837	12472129052502480870.wav	8.040	d1448706a7afa4fe0feba79c7cdda116a7006ab8b1c33834ed068ea2384c8931
1821	13422973846971337023.wav	5.400	3289c8690115917b1104f448e17e30f781a43945ae9287190f6c238f7569bc2f
1821	2376259951054200408.wav	5.880	311e13cac20ae3c561eb88fb931db4f7ef5eca8fa0850d815e48e305709c1140
1821	554091406112731223.wav	9.480	70757d38c619d896d5fea022134d5e615aba488382c3a6e55a4aede6102a21d1
1689	9742417165684113780.wav	21.180	baf87cd3c137feec01a51ff64848b3af38cddd679a0d61787a03a39d610cb0fa
1689	13312661772833701108.wav	18.120	183ddd1b5ab938ae6285bd42f15c87d809228c065538fd787235e15e5f4db30a
1689	17490398191915282392.wav	12.120	4d11b77cdc806336062200e25ce2f0fb4affccb3107358f67eb9e0032e308455
1660	3702978878419561855.wav	19.020	cbb26980c5ebd5b53aaf3846984bc110acd7367e758ce9789343976af5364ec8
1660	9365583498065468558.wav	13.200	86ee3f01399e89c4d402fbcc0de19daa658ea6161c07e987893c3dbec38ed40d
1660	1191248392415945452.wav	10.380	7fedda3ac6a639187b484a968421f8c5f6abdcc7eb264ef8021ffca1014c99fa
1682	6482660284125644969.wav	15.780	51fe5820c5ae5391de43aaffab4e3c6be967710a7860ba53c72dd59892890d4c
1682	15061068980244284411.wav	17.760	d28cf3da2bfb08b0815c41a18878fb739984697976d266d57d2f0a40b62a9100
1682	11321324965961472908.wav	19.380	126ada10924efb0ca78c8bcbe00a785870a0997bc17920029e0ed80c2aa41152
1726	18196254767307361725.wav	18.780	56472912cd25d6456f0e76e39c0fd49b0625a942a012a70d93f929ffac8a6d9d
1726	9315446420654003335.wav	10.800	c4b05f057dd8c55cf06f615a71f5765352800713badc87baea9d26b4d15d0142
1726	11297564286354421727.wav	19.020	6fda780f54e8e0aa3062abb9eb87bc2e75a90abcc2263ce3c369f5f893a6a760
1963	11346066260334094005.wav	8.220	e35c3ac000c04893807191cd0f9b56b64aaa29bf959c80012f8b53bcaae35f75
1963	8970395757894156280.wav	17.700	54d0c86ce775a4002288ac1923320d5cd82562afe29f0d397082a35dd5b37dbc
1963	18355159592470591588.wav	19.800	79b91dc524292ea9a973507ee8560c4ab6077a7041e5011a41cdc1c700388048
1945	8385828782945353218.wav	13.560	2576d853b9b76b8874954fd39d9d857dad3be5f78793103ea8e6ea70d4697b3a
1945	942570282934720454.wav	15.360	5036639b81afb5ad231ce26001f25640810b804f5f870324c278a24198e77e28
1945	1100650137365357330.wav	5.280	71d49944d48e0b6be8a2ea4621897b0676438efe0bbcc6686ecae28fb77c3f9d
1665	16846909353761153442.wav	10.440	8b38e792bf4ad2db08737e590856ae2e5898fd4f5d7fe771fe8de70daeb82e38
1665	10534115037762380445.wav	10.680	7e5caa4feee3f52b1e071df3baed6aa9a09a0b220bebdf3825931b98a9a143f0
1665	8437577507466055001.wav	14.640	94c10c5907953dc182aef8deb071c1542d6befd8cdb70cd752f3a171ff0a44d9
2007	15145909350398789793.wav	6.660	6f595d010a710061d65ec24f73efe7cd5943feb923414568ac7125e05ea74749
2007	9257687699868112248.wav	18.720	d2f76752c6caba91fdcf128c3542046611d80d8423398f5c58d2086ade3b42c3
2007	15648736563085713549.wav	17.160	26fe26bc0e47fb9c2db6c5b6455504b5e6cc776d95f50328c2003ecc99b85580
1729	2835934118517986318.wav	13.320	7ec032f1c029cbee366834a2415f57f2dadd88b5dfdb97d7b3e8d7f0088e6b1c
1729	8214331647692969356.wav	18.600	55ef6789c25eecdd3965a71f95081b22968785e07fd249268d4f006f20c08e19
2000	11023957874481563686.wav	26.760	0a1cbd28a4281a2b4b8b1eae2dd5b20ea2c8390a53bd91968728c1a673bb84cc
2000	6822249526051869204.wav	9.900	d736ee0bae8a8ce9cf7e51ed113f298c37754ceb81a6ff58d44eef6ad422032a
2000	2455494252954256321.wav	23.280	2fb933e2a3d49d38b5319ce014922f295ba81590cb1f4080204a338fba82da96
1883	4099911901963505193.wav	10.860	209eda815c810e7fa85b8fea3f589ac39c14de1f8855c76fd90c3fd42b8fa3b2
1883	10769899364063693193.wav	10.920	b028549326365391169ba45ef44a46bec1b5e493809dad7304ae9217a2ae4844
1883	15443207394724505198.wav	10.260	a24ec27a8a21568ed1ca2e0580f43037c8b597f305748de5d5df4bf779d3eae6
1893	16587003122171728105.wav	18.000	11a542cccb5647d923ee59d208c80fb21d7cd62be589425f21ad70eede92e860
1893	10643749812001802208.wav	11.640	25611f72b6006ed5b607b88ff9117004cc6e0862d0291e0596e45f65a72cb53d
1858	11770437002202590425.wav	22.560	29d1a50ab0e4c5f642541cf171e6d250e369d78a56ffefdd85b94c368b6daf30
1858	17949077592673686248.wav	17.520	2ee305941251551d862f5d2d66acb7ee98318852234f5295c3184c1043c69965
1858	1256712332056917793.wav	8.880	9c72b118b8eb98d756d89e2a451757f1b04f6efe39d209aa9e9066348620b6d1
1905	3215934834432526420.wav	10.560	1117560f08290fa8e40f08142fa65b5abcc42a91b85f0446402b39a8d471fd69
1905	12957502541525431982.wav	10.920	a84639e09f13cb95209d495bbaf1d0a51eee236edc69932c677bd0d59f30e951
1905	8122720768687306797.wav	9.840	a883b22014e00e2f4e42eb29393492db960395f2b773014947e065958b57de5b
1712	4368862231706717109.wav	10.800	761713eef381704ca7ce9d5ddd296067f8ff600fda80dabb1ec3a07a7bd1588e
1712	5425741952790131391.wav	11.160	a10af6e73af2b8c82879886e02e660f72c3de0145ac53de46f498e36e929051f
1712	10394143367436767913.wav	22.980	3148b748d56f430049e6c2f04923cead62aec534de4a266a59f39b37fedd18cc
1840	8941962506399972073.wav	13.440	4e2fffae10237145e966f5f629b4f653fb8569d6bf11646fc7b78f075e2b0609
1840	1653017227027954248.wav	8.880	039f186424625dcf7c4aaa3f0a95d59a24df673a6efa78c6dfe7fa1468df6f60
1840	5489011179445650558.wav	12.600	4a58291f0e63a4ac64dfe1f81c0dc0448dc4d538e1fb3d50b6902f251db0fc6e
1686	14581722995429385558.wav	9.480	f57715ff39aa5841f76b5da000a449c7097522067f51755b7ce4d6cab9403d05
1686	6931098854527189613.wav	20.460	50c6b3bd24a101126ccac7818a669c915e601cd82021f91c478dc6eff1b14ec7
1686	5909758945461225882.wav	15.360	7b790f96693a937d6fe45954b298175e942d98f606a34c943e8813a4169c859e
1976	12233087638570381988.wav	16.560	04ca74444e3beddce611ce75fc451e5771df2bb1d620a5adc4fc06f73b0e30e4
1976	7763654707442691534.wav	11.940	00cb386d4c27292e9a00500584224097ec4cd3d2717aa3783531ef9981c0c059
1976	11902912483127134125.wav	10.560	79a90725826218f874c3a0dd2738de4324dd423c0e50777f8e32902374b96ae3
1902	6224763261339938512.wav	8.280	079442e7bfe4d6fe17ce3ee732f8f5acfa7db102a7bed61c9bcbe6d519c9bde8
1902	3491960516525554774.wav	8.160	9daae96eee88acd8efee981ca7fbfd2ded09b99413043628a97e94ebaf77cb58
1902	2291986069963122478.wav	7.320	a9129eb8559d2be3e316202d72e5a68ba4a235829171c5c802b71fddffa654ff
1720	5260016815738444266.wav	15.480	311e602f973c5e04ff16e142951da5637abbc0ba291fece6703b0824b6da1a96
1720	13421564449731385833.wav	10.980	739bdf3fc9da97c2acb416144bf7f16092f3f8cb80419271691942c3e272b998
1947	6420181749332444605.wav	16.920	8f0661acf670c7fe4aa04c2646bb492fe46d004b0f23edf70595c81eff8d138a
1947	4192716933719418043.wav	11.880	d53e6bebce4bdb940c37c6bacab01eb0f65e125444e77d1d8fad260beae6008c
1730	5415840460724948579.wav	12.840	e5a1740e41ae5a59c032b5e027bd9422989aa21225cb6216f55f39e0c7b173b9
1730	6598935387951886693.wav	13.020	78e6fe75b471955ec9e6b8bc14935772ce7db671d974a5f19ec7ca13805f181f
1730	5352084511476516591.wav	20.160	9a88aa031d26feb3085b0c83a6174acab47aebfc4ecb1366f4b877ce1b4fca87
1846	4932595101551775223.wav	14.700	ee740b99ae3cc7c3f654dfba26fd6cfff953a97e90b33e5bcfa0233ac7115a32
1846	11014175886747870273.wav	7.980	f62551ec2ec42f69ae29b6147e6954b62a3a46fcaf520265af301e9fa9a46c61
1984	4103906298154500378.wav	17.220	3b2378a146e9e12c09a570f98e2a468324ac74a5426c3c634c0de5bf5c757194
1984	13512857179298582502.wav	9.840	41869a6cb4cad7b6453e1196f57aad8c6b7082dcd6daef1b3f64796cd5385104
1984	12291028991907677333.wav	24.840	0c93cde4393820cacbe8f295a5af0ee619e0e3e9ad47ef994bf0526e38a4fcdb
1676	5634170789615420358.wav	14.580	6c6d36b723a521e1fa70c76789ecfecb567e0de01f1e9410b7b0cb5d2321c4ae
1676	9127728274900030577.wav	13.080	a84dc838531c2ee3f992bb36a5507e07923897fe9686c9786bfbe3f384cc9f56
1676	4615504531997816530.wav	6.060	f638082bf1ba25dc2c5264511d2ca26b32ee5c5a7d14ca4ccbd066a4080373c7
1829	12661293915709573159.wav	9.420	80dd48a2f1da1f1d8eb5996a755d60ec20fd9a2cbc39f0160dfc62fc60cbd837
1829	6961160418307820052.wav	17.280	d06eb87221f03c5cb9c3946335f29237fa33a51e695ff63935efb431b07d44b2
1829	14969269891915396291.wav	15.120	70fccf6fe70306d1d43947308ef3cc94f0db2c1428fb4f1b817f5eaecc01fe4e
1800	16286901038396978467.wav	9.240	d85bd7a26253396ca1e93146a1dee93f984e57d974d7bb5d97bcfbe00c88ce7a
1800	5270561336842320651.wav	9.480	bcc6e126cd64b87ab23d96e9e410604c6edc4e39ca137beac58f76c8f428dae4
1800	9496360500688069005.wav	21.480	dd1891fa3e301bc40a740d5b45b8a5d3a1f291b8ffc1bf1da7bb9c2ee8fa3b77
1856	4138553571604325890.wav	8.520	128bebc29857bc39b3dd61333a2251f79244fa5738e3fbf89bea150504d66f40
1856	8933586457967824083.wav	9.660	c51651ff0176df520709b47f9f60971d858b49492b180b5de838a93fae3b1e19
1856	14468434840786812341.wav	9.240	f717e157556ce5f4cb23d9c95e53000a039295f6d3ca3b805c8282c1a048f5f4
1927	1238534740793676350.wav	19.740	e739c3ef6dd76b0567b747a23afb0b22c0d7a9f44b291e332716772a8995d11b
1927	15664884550731603574.wav	7.860	a29d0c76e9e31e772175b2537b1a7520c9ef928444e3ed604ac3990cba02da15
1688	3665385397206262993.wav	16.980	741e5198a2eb80a7d8d6371a41855eb173e7734bad7b16bad3a7ea2bdafd19f4
1688	4484278680542083067.wav	16.260	701c815b7708d46e5e8a9bbc7cda939430bb995776cea673215b40b9d6cfbed7
1762	3829034906131924055.wav	7.260	34f298fb7547511cb3fe8a79099cc8551f48296b480b4d506c404cd0bc607277
1762	2241473909971239654.wav	7.440	67437b9cd8e25ad0b3c73b2f9ce3cebaa736262eb81b16b6e323dce25a6dc7e3
1762	5922880967352190866.wav	4.320	0f8ca2f5cfdf2eadcebd93551a9e7cc2d3cdab6aca8f410bb773b87209ea1430
1906	230273595301736083.wav	16.800	d6f395f024d9f7304557c3c3e67ea1784a7002cc9a7d4f67b01df94b773f3b93
1906	11623925159235282028.wav	19.140	7749c11388256e41f5c52bbba09d8b48119d4f1c9fc404bc5b00965d80efdb53
1728	3958673872731882523.wav	6.000	2d45cfbaba29da15380e0847d2161347d302c070bf1388e7e5895fd8e60012f7
1728	12432228410840422127.wav	6.180	8de80ac7256958d5b64ef12ac0b7c8cf6ab757e03185ddd7142a249fdbc17c12
1728	3710549242944915080.wav	8.400	1cefd1c46e47986cc4a7716a1cdb6cb20478a222ecda0abcea8a62c5bdfda9c8
1884	8587622497637816205.wav	7.440	336f767c7dea9f4b5628fa37aa20734fc5046b7901e4c585ed8055ac00648eeb
1884	7441830437041763467.wav	10.680	91e0e0955eeba0aaf5043ec7f9cf00f14d87763af4cdc2399ca6a3fd4a62c1c3
1884	10166547362714956625.wav	11.040	adf91db1187ebac0228f3cabe0be4f18c47c34702a8027793462e5f8485be7dc
1680	13449881168142521253.wav	20.280	2dd6a77aad31fed003d571911b178087c9071e1f39c1c51b4f0a7316875aab37
1680	12533790649172855935.wav	9.900	2c313ff84277f3fe43b34c92cb1dbbf80a37f50e71d851d267afbc8cd58d7901
1680	13862466012266411340.wav	20.280	eb8e339198cd3412c63479b7650751c665ab70b650666d247899deaa1d58438f
1863	14866455417746131187.wav	23.280	854d11ed3c698b13dc5e0ad724e673cec89778e189ae932bc9b3b768bd270ca8
1863	5409916764717525250.wav	11.160	613a957cd347167b453d042de056f0d21cda8cba7f2201b5c5d6cc0958ac4945
1863	17479113477323455991.wav	26.160	2c4f90ee92b2a8594953bca3efd9296842b864e09a8ca026ea7d4a35249d32df
1994	17047810064400454397.wav	5.280	10b95b2614f7b14ae7613469ed1d02a3d7ae10539078e831d9b23068acdfa5d5
1994	13608448229851321208.wav	4.800	e937c9c9c1c7a0386b8b570d5fa11a7b3c789b57303bdd80ec1da80b74f5ccaa
1711	14959894582751932231.wav	10.740	9685ea90f64ca1adb5a248e3aaa14be6c6082cc90fa41b9166e21cb0daa41d98
1711	15985252600261868058.wav	11.040	4a90f3bbae9645081e530269e16a18e265942f021bb60bd45293ad722b046b04
1711	8470083154556563870.wav	16.800	11578819602a3bd8bbf163822d61e9c968255ec72d30f84636dd7dd0f65f2193
1901	5004631519743481392.wav	10.200	b956e483a2430474d8f19aed4caf9a3612f12055300494e80885b532f63edd86
1901	15989900063013807337.wav	19.740	0ddaa68d6eb02cc141d0f6b2a814318ab74f974f6da1fcc5760ffe5656897445
1901	8803957983538192953.wav	14.700	2349f5edcb6ccb05190fc1da509a56677b579d1e4c3ed64317e1283f686a5878
1783	12672564667160952922.wav	16.920	4f477acd8ef2130f0759aabce1edbbbbcf9d90c70990c1bd2eeb7e351b3aeeba
1783	15041093606918626833.wav	12.660	6b2d8404859265cbcf753b735e8f4550f416b564c6133a7c866682b27cb67b91
1783	8719029645333371289.wav	11.520	ac2f7429108c2b55a34fd86c27854cdd5456fd8cb513f9a7592749d8dd93d3f4
1715	177350811651237373.wav	13.440	e38ebb4310bf28adbe113a5f3e3c14d43e7286aa3e7653ada1f6a8102cfd53b1
1715	11475060942099679528.wav	28.500	ba4f61260f14c65bca2b3e800b3e03cb2698c4c2242d92d7d7cf205cd5383d1e
1715	10936392554848150051.wav	13.080	0e86c28ab2e7106b433c52dd2355ddcc0b2f41e36be04e63c37eaeaa59dffe02
1732	6753945967797226570.wav	31.080	672a75c50b36e02de4e7d359bd8033bdafbe39dbcf51dc6d20287b5629883e19
1732	13834375742030049582.wav	29.460	51eb452a100223c490096af6458be03ab7997ffe3ae25ad6109fcd8dd306136d
1974	3166760679296371275.wav	4.320	8502b3a33518605c3104bf13e0da4912d6d97520030bdf9db803073425d582bc
1974	361399504826739550.wav	4.080	7ff315f7356add2a1e64a1f8dcc6d366db6f7d0b3e371b3d2a3ed25451715b18
1974	7649461942557965749.wav	6.960	08e6efa4ba690a4e646dfa937749f698c155bb54a34cecc6208cb00b5b8f91af
1818	2745275940392191404.wav	20.160	f08adaa934b0e34cd99c546ecbf1c5fbae41556a92ff5d5ba5bd35135bec2764
1818	8587807115480407132.wav	10.740	252004500b50d59ea0a5a558ebd72ccc6c54486791c4274fd9653684aeaf7208
1818	3115504758549491810.wav	6.120	f38ec03a7c7c1e7a408292e317c6fd086cb368226604cf7c5077bf7dd83eaf13
1941	10308608197319017935.wav	6.900	8f4ad988a1ee71620c058868372e9f3a57467fb28c8e023b970ac11ab073153a
1941	15465639271971157415.wav	4.560	180ab36fe648309589440559f548f5725bdb92857c197988e01825564fe237bd
1941	2842770102937431211.wav	4.440	6c7775210252d306170c10371963922013b7bd8e8be888323a6b27e2dc5593bb
1695	6819214157962336157.wav	10.200	11493ede4b5179cac425f20863bfda90e936bdbcea55f3c6171f0c86ec38680d
1695	406406391719507617.wav	12.060	1e154581fd3f1652f6ff5d532ea0ae14bba355edaae3533e5cc191be3f77d164
1843	16494061853339361777.wav	10.920	6c17f2887b9c06b79b5fb3f7f3f17af9e9688a44dfd0aa3cf3fdde66233f8df4
1843	2589356984808820802.wav	16.080	375a0e194501cd342a73b6baf71e8d723d8350e816937ae8788862db8de8859b
1843	17800067052771197525.wav	19.560	1e200ddfa11cc6054ab4207ceca846d2c45157c1159d6f86adfd6d569af1041f
1770	17405690478792925480.wav	9.420	286d5215c50b82374c092d6d255533fec49db8960ef2b78fa32c264ab6489fa2
1770	2866678313855754620.wav	17.460	3c6821e9acce8f1230efaa343f48afa50b8e1fe2f995f3f300c67c64243068db
1770	9539852546318281222.wav	7.380	198c6359e4ded5e89982cfc6bcefa9a0f93d438424c6f89824c6aa79ffd39319
1896	11290601054905065123.wav	16.980	31e35088b5edbab225248d27461052c62e71aee72434adea828b8313596c73f3
1896	7032002473453582916.wav	13.260	cd1407c336b85d0258010791af8b79909d2cfe587d54ae3f58a6c2ef40509fb8
1896	17627138556316832231.wav	19.920	2c13447baecba3701d5c14e2190967dcd6af45faef3e40e00e9729904316b388
1848	7739349083395946674.wav	22.800	f451f0cb4df52872a837745ddeae9c640a2450483d4b1b9a5faf620735c5c3b2
1848	12345915225289351467.wav	9.660	812b6f4a8a5aa203f3fce28f3243bc0ae04bfecd846796f1f93e93d545d83ed0
1956	17473015524442462177.wav	8.520	8ddda829076e89eeaf15bbde9eba4cb96a7c499fc2217378e517c55505de646b
1956	11664022050809251938.wav	15.780	8151e7d827d99a729488c7c1207c42515a22b011fd71743dae26459367fd5cfc
1956	12387407908306495752.wav	15.660	a279014800fa3f87af8ff92f95076005115a6cb735a137bdd643493d1764106c
1967	7129312313642011230.wav	18.480	09aa55578b83a43fb468a2794a11c40a7c726afcdc5af4bc5ee0b5fed2bf8614
1967	3796018841983072669.wav	17.460	1f0527b280af957401d62dd283d038f57a65090445218edcf79823310b350bbc
1967	4259094671401286311.wav	10.920	da8fcc6ed482a99134ec62eb3c1603bb6bf240edd65abb733f60e5fc4883d347
1669	6754907113927429020.wav	7.260	8d03bb304da21e0e3c4f0a8e9e7cb9c02fcaf3bbde62d2a67d703d8129e31b87
1669	3045631440446403419.wav	12.780	d2fcc27063dd3e509f7343133df25cb9f689294734b54e988d0addd98a1d996b
1938	13556643934894880169.wav	8.160	ddd6fe4a96fed4ebef80f851ee6c5ff4dabfb8368205fb4957429d1faa0200ad
1938	16307014338962324663.wav	8.520	3eed0b4f4bc7dfd99f8bb2ff197070582ac72c96718892c74475b1a6dee0ac14
1938	14644395854086367094.wav	19.020	799e00133d5b57ba48c525a0cd3e83169d51f97d09614e2dcbcdbcdcf348d790
1756	14628762662867216090.wav	14.520	f5d20cf0315a29fec31100ecbfa1185fcb39711f03d1f1b43143d7ff6af20948
1756	8512095335391766292.wav	9.360	78ffe1c0da41fb1e23004add56c300b49fd26eb74524bdf7585521510db403a5
1756	1945109111047272061.wav	10.020	c71a69bd8158e74bf40a0e03b871277f3bcb725e06570a8d97c2dbf25e82f8a3
1978	781298712249931542.wav	11.400	555d1c19640181d16aa4457f569410e5ad798ff2128fed41406402bc2b4a1b25
1978	7194159706371255008.wav	7.680	2e1706a9f5954f267519d38e898e23dfa27ba583b96f53c1178ba3ca2b363bc3
1978	15812349408644506612.wav	6.180	31303654c12ecc43f91d7d888f9e32c2abf585d17fe392da469f25584091b48d
1832	9703954378187457337.wav	10.200	484c2b6161af2a281c63c92eb1bb1f1d4fb4030598d72b865449f7f4fd6021b8
1832	14144394006048311064.wav	16.800	edb78fc22dd47ead0e4064b5594b321e6a171cf21e9cbc8b72ac96f258af9e02
1832	9241631171089133504.wav	9.000	ffb211e30ac729816616931c7c1367153030e67ebc3850de19b9e28f16767a98
1997	17307783802184965752.wav	19.320	abe85aefb298e7feab2027349dc149210337b1a303e42ae268e4da6034c9918b
1997	5908247922590387766.wav	32.340	a36f718a16dd289fa7b894e5c23ecd6f680c5094ee54d731cde88470e03a7958
1997	12092535744646925173.wav	35.040	d4c3f6ee9c119bcc2662e2ebd6c4e12282000c30b8201f9420d95648aa9d435b
1679	16709463480506731825.wav	6.660	4a68c6405c0d0b9770ba0e0d0f078e1fff31e3ddef3f91f305f9ae50c33264d2
1736	15596766842849003287.wav	4.800	8e55dc3ef4619366be413e775e83286dfa62c54b2556bb5bc33c8a06f409173e
1736	14127459823697664767.wav	4.080	d92afa3786e46573fbe6419576c10a3ba4ea78152f52d39264c7d882f30cc677
1890	1051177360594616241.wav	7.680	fc0e03a6350e1d2ca731977d84a02ceba661bd8e4fcd5c81279b2e6a3c58bea7
1890	8240752757246277487.wav	7.380	b21c24875a1a9160e04e35155c8fa692071c3e05f5177d9a2d9fd24dcc56d27c
1890	12645795731567534212.wav	13.080	f8e10ad53aa4384df377fabb7b68bc021d5019235324f2cf925d612eb2251e45
1816	5088881597163446188.wav	6.900	139c40a9966942ea02ec8d8b2c6b0af6a1a6a2bb252231ea7e902a7cf20faafc
1816	15970264612380939952.wav	6.480	f3a5611ebbdee83e14b9efc58b8dab8d16a458d705ac477b980d248b01b3193f
1675	2106640125683402029.wav	11.400	9354abe5de1ae23f0178ab147c0e7541fbefe0572096cfcad5c67072ca6f5f91
1675	14670426878825582922.wav	15.840	915634c0101070693d0bc0c7b6ecf08833663b4f31c1a5c6e47b2439eb122d5e
1675	9848908619948861602.wav	12.000	d2e7e125bb4455a2da97979f2586d8101b2f585b8129b5650ab41fc3f6751422
1708	12813139454955337799.wav	10.920	0e643c40598a51cd9acd0e22ec21f46970924a877ba5fcd11bfe9870ab2403a5
1708	4027998389022586690.wav	11.160	835bca4254aee2804de7723bbceefef1d1beb87bfe60471e3038be9c5210e5db
1725	6152164068411148547.wav	22.200	aa60eb6b4472403e0b1aa5f8ae79799651333e280f8786709b4d604eea2a3944
1725	11358439474534725072.wav	23.400	af17884ba0702791f04b4fe3945b589f0a1edf158e25badc4273efa2a1ebbfe5
1725	5200891090045314338.wav	10.680	5ddabfea4add129419da24d66e22d71fbc9e91ac198cc2fcd346c8e55313dd42
1776	11258207977177889574.wav	7.560	a43b97c03f5e6075a21861a05b761e321d1142251aec34a3a31afa3a944df566
1776	4625253856041369698.wav	15.540	13b5e5cb82e03a8a1cdaf4ce4142bb1d1ab6c4ea24bf3a4fcd9f50754105911a
1781	2310881258310517843.wav	11.280	3d2d65aed3bd8eba9c50d4716e3f285c42e697a6d2b86f963d3ba2641755c2e0
1781	15662219244722169820.wav	11.040	7c04f4384099d732bacc734788744b96d4e57581033250cd1fe62e91996dfc93
1746	7107075392032458299.wav	6.360	4e5f8bf080b9d2e57e145fb28b761f3b4583b0b4efd882d793591d5450c61d27
1746	16576061395454362424.wav	6.300	975f976a20c2e49638de63bf536a14aef280bc73ec29f44620388ee0db3a9fc6
1746	284985861237657658.wav	5.760	210488dc247c511d1ae1a4a2ddc6e429889d097008149a64e3b10a800974212b
1703	1921217357268926251.wav	7.260	a3d947c3e1c9d29a3d709a18bd40e908849318d2871776ad4e5e4dd93aa0036e
1703	7761861434010760180.wav	8.760	f7d6df94e26aff17c63b81c7c5396d7977ca6ab7aa0b909b44a702cd34fdc6e1
1965	6262679363705041603.wav	10.920	f2e1830a8dfce0ad7ff137c74f7c87c978117dc08382abbe1bd030537b97f66a
1965	13273027027210943147.wav	8.460	c402c345815f7313e6a5ef64e47362852c98db2e37b297b8b69a4633e913bb58
1677	18110883102468426424.wav	5.100	c75dd6b447c93206a1a45f4730c0be17a05e40742df301c10f197a6dffafae25
1677	15103956140943598688.wav	5.400	8e4a4fc89226f354a713bfd7c4e70569c1edf9aebfc571b7942d9b68b5b31bf9
1677	7832628725591684586.wav	5.640	4c4f012572ff0c39377504c9bdc5c0095720590aa4bc28c0e34a09df680a1ba6
1830	6263163492362487925.wav	18.540	06c45443007288daf29a00b46e1eb7ba84d0d2fad7c1b7b061eed732e48045c3
1830	17466648169550714619.wav	8.280	190e3f87a6114e8cf58ff92acb4678b923ed0dd7cb91e3add995873bed631c6f
1830	13423627658376233436.wav	14.640	47f96d8b2875c43165b597fcdeeaa95d8d669c2ae66821ff34354098c53c298d
1845	17519165593451853776.wav	11.760	63ca67ac6912d274e49270fbe4554e321527bac7d789005899e00a859d10aa6a
1845	1968258700315657266.wav	8.340	ed92fe93b01d640ea7810e662fbb42c0ee2c3a7b3f347a4009f20ea8b8c805e1
1797	10229344228128634115.wav	7.140	bd32736573baee445faef9d586796c76adfc105dde0c666120e778f5b4ff5838
1797	14391252598235322559.wav	9.600	7070e3ef5af42de19e9ad42b2eac292e245a070aa930065be19294d110445c64
1797	11269069087124044601.wav	10.560	7efe499e327152dbed48f855baf5056e7d5dfb2dc98dfdc4523c51a6a68f078d
1754	18283740927083228450.wav	8.700	84a20298c78f081c5ecd61991a8d3807365cd8ffeb563889628936c6963c9550
1754	3193521992132875601.wav	13.680	f1e36954ac0475bac05df86aad23eae3dc33232cd6987047feba2ba7fa9c4c15
1822	3674688994161446525.wav	8.580	c19c06a552ecde61af39aa0d77ffe1daaf19505f98e26231b6c71beaf1772ac5
1822	4709182468212141588.wav	10.380	14c8ff42cb23a5357af869d9ad6225b641087962eaf693f08a1f8c90b5c081ca
1822	12669759894118066835.wav	22.020	4df1b1ff0c904c71f66de3a9c2f5cf38e1379253d4223fbeee86b49e4c24c539
1683	10531322632885167607.wav	14.040	db6ea4f8210939e1c9bd0c4b1683a5ed965f0c58b53a958d4978c5fa8677a5b2
1683	10030056357041867775.wav	10.680	fda294888110e8bc13a0e468033a21f3b0f2f6a6e7efe40c32583c4760a58f0e
1698	4611076793596451125.wav	7.920	1189078d148d985c0c6e39bbdeb8318352e3c75e8b4c94e5654d75070ca10c47
1698	13918255098618291503.wav	22.500	57e0d2903b881ee73c4295769bda1522e38f24a1f6d5982059ba3d874222bc0a
1698	8251081926126682604.wav	8.160	7697dccbd3db521cc6f4b7d42fc1b9ead21209312e96055c653d8f4e6a5e2376
1932	17070469280053620432.wav	15.840	031ac514c45282577f4b80a92fa1f85790c94dd2040d25f0ace7b469cba2297e
1775	1835772318932847100.wav	13.620	cc15d6cf5396d96fb6859571042582c26afa4e4f40d14eaa53e443aa914c0e41
1775	8179420948178034178.wav	8.940	9f899497d6ab99bfa73c89a5a8e46a582bd4d5f661dec168773aa697c0fe29f9
1775	937534863362887142.wav	9.840	df08e52af8bcea8370694dcbf2eba12706ef5a1d3de1ceca3387fcc5bee84319
1815	5760376424078736969.wav	17.040	11a87455a5a4d14f3b96cd478a0f619a51cd4054c02b6513467ba3f455acf606
1815	7345955098189106818.wav	10.320	f1af61f1237f7c907001077880f4cfe8cab7c5d5f5eb7f28e18e39223b41169d
1751	15590669563815400383.wav	12.360	32c130746e8c3900c26c7022387a5bf57df8ce45dd5a08a5f1295c445ba47a1e
1949	17747862424303946844.wav	9.840	ec28b48d8ea6fee2652bd5a1e481d0694755910a409c20bd9a949f9c4672a697
1949	13681202748699137616.wav	6.060	2c0cc0d354ff79f0ee31d33df2222e72458aeb5aed3e575b88b24e8c5e2f33c3
1946	8048705695410256950.wav	10.860	0b719dc0469c5b21e91f6c55cee94ae01120792d4f671497f7d30cad6b257e1e
1946	1643156799964157655.wav	15.840	ef5a16984eb75eae3bcaa26f53dbda5d281369fb55220ddb38fb50b2d44d794f
1946	13943026064768312319.wav	15.000	20c7ddb634abc82eb5c7ba37e6a5e2820ef6889806c3e30f93736983fd2dbe06
1796	10058299886985225661.wav	8.400	4dba8160f102695aa4f5b5407241037e9d91bb6febd1854e7cda499e953abb7a
1796	7973404564851654085.wav	12.600	6cff9df1ee9470e3fc1807b45b1c5f2f36ea1b252d8ca531a4a6022a32535d9f
2006	3948178446194270373.wav	10.800	c68a2bd7567de3563c5cd7ee1735fda5e4050686f135562b3519296ffbb2228a
2006	6839209675897648352.wav	11.820	a2caa75d0c34f4883f05c2ffc71303062c59f1af2ea3926e95b25480c24451af
2006	16904905454695689678.wav	6.600	5fd69f8c54b96549515b849d10153ffa67dd12a709f96ced65ba26de3c99ae80
1771	18198202383515868717.wav	13.980	249789db3c400b7a15322603eaba011905050a7f5790101aca100e533305cb84
1771	946729557679366593.wav	22.260	4c7a8fb34366ace9b4714648ddd3d9f49da0c72b375e0380f7b9365db53bff4c
1771	13231990164662705333.wav	12.840	01eace6de79bb4aeb63a7f43efe6e8827e39116d071b96a965121e4a56317d91
1744	8406658841011085908.wav	10.320	af4b4ff9d9ffcb27bac61d6a93ed46b2da3b4db098d05df56a0384bc17f798a2
1744	9501414518224129438.wav	10.200	18afa38d5740698100e5fb8c1793a95ccd963c5f881265c9eeaaead52a745cf6
1744	8774317101963674328.wav	6.360	9da3bf40adb1d4924cf1e702f291dca62f469a808069a2387f9238369c2039b2
1692	6848297243872249634.wav	6.360	4bf3cfe3bab9b8065cce3dcd70bd67a43354f804e95b770bc718f260a23e27c8
1692	13785217042026043005.wav	11.520	a65986066a6fe4d3c0142437d1a82fac35730ab92196a2ed86b8e2e574fe654a
1692	17412781668365232760.wav	10.320	7b714dfb920a06d5239da7263e323d63d55a70c63e9af3f762a21556c1339357
1859	17485594153988184025.wav	13.560	51ea346fefa45232a0ac32fa482d536fe793be8704c72ec957019a295cf82b5b
1859	11932235074173500388.wav	31.800	e1b7e5beae4bccd8ff161fcdb6dd11cbba9f549ae91249da0eba554aff8bcc9f
1917	442256841070030715.wav	6.600	789ebaea9042cd598271c5d0a1298ce76b196ff3ff9338f947b4e8ce4a416b0c
1917	1652624495909200867.wav	9.660	43b1e62d6cb6ce100ae007a03429753a813f242af4859b6f13bad87c459441a2
1917	10665020118682546787.wav	15.660	7a9bd9917fe61d3290a4b03dab7c012a5c64e403b8d8e9b7cfa1be89234530f1
1942	4283694748207898309.wav	25.920	b3519fe37b6dbdd63acece1da12316dd6ccedf2384019680a3e71356cab2e1b5
1942	12079365568903726154.wav	11.160	06e7f0d084f1f64725fe754f039a6c475bd7163bec641f350f83770982b50de8
1960	14585851868020083237.wav	12.600	5876ac57f190b2b76ac6f3ff543a07b3dca6556c77512171fe8e3ff44c35b5cc
1960	15225685887826839193.wav	24.720	326981c354bec490f6591f9f745da1ba5b7b2abbd0348635c004f1573be9193d
1960	11382001736352097343.wav	17.760	362142e584f91bdaa1ad0c40bf9455366b518abbce76a04386dc63b43684d271
1853	577396815477962393.wav	20.100	c8fb2c42174f19142171b27bcf227b4420018f99beaf1f4543b8a1e1a96930ba
1853	15369565236584114656.wav	8.760	78cf8be653059712b4b9c4ef2166e7879ba90d990a3cc3359ab8e59351daaa7d
1853	10636710317803810431.wav	6.000	81be0837b3ab574a768402ef5c321770af19f3e86ee164051964202f6f4f104b
1953	10990997007524611628.wav	5.700	540f7ae5395601c00db95a1e30d338679ad0bdd888b4d5767f241ac7e7d3f95a
1953	6055866417379839380.wav	5.040	b298a9dda7ec7d33b97db36bb25cf620af9d95ec582a153d453de04d630241da
1953	10938532437386272690.wav	13.260	f5a65508fe7b38c4ae15dc5f4d345e723cdc04c7d239728a6f5d7d3173c41467
1929	9395949471335444398.wav	7.980	18cc00d31d04ce09f743bcb34e9808cbb9ecabf8c17c57262450c1e46742d5cb
1929	15133392103290984890.wav	7.800	87795e0bf5aa457a9e39896eaffe38e768b2fff612c62d461eb20ce2044b3990
1929	14232485927175061318.wav	17.760	8f4c22cd93946ef131538faa03d0961e9fde0fdd625ad8af51292d6e1e2c4433
1880	5104156905485270261.wav	5.340	21f0fd17dec2eef736ec5448351b36d11b44414d0a4e498b7b35928207745629
1880	12575509428749116594.wav	18.420	0272db54002567c432577974e048d0823d07bc20f7a53da8235ab7626953390e
1880	605937683704189549.wav	7.800	81ba9cb9dc76117d347c8be46684c62b68f540b7a70251683972468a0d37ae9d
1826	17425764333622159382.wav	16.140	d59daf500a5fd43c8b283e7aba99b872d3e8e551d19671ef308c28be3e2373da
1826	6668847850513050470.wav	7.020	4bffacc4db7eebf8a54109258846f475f18acac60869cfa2b87c3330107cfadf
1826	6457287960611343980.wav	5.040	f0c0554c2246f6dc06f9e460a1bf530bc906d77983e92c6fcad0b385ab4fb4a4
1707	15002285068354813086.wav	8.400	1fcbcccbe4bfe6321ba5904819201d9acbcd466a9a3ab2229a0410e79e0459b7
1707	4329683474305501390.wav	13.980	c7bda370ed3a8f8187b6093cb490ae1d07f5b21fff6a5de6e33898dbff1c7a6c
1707	5688123176320315584.wav	10.560	36f29ec549f1a9ebc946ff0dcfa1b36bb326de2941118a6d5d1b91b716fe3133
1961	8334129063976557987.wav	37.320	f765768e89dd8647363572172078eaba6eb7c6240825de67573defab9b390392
1961	10539427407639372945.wav	28.680	cfd40f464c630125f269719bfea0efda9317df4e38e3201d06e981d3c99d2c22
1743	4271181096460241283.wav	32.220	fa69f2af2b471e9a22416c9697e70a61b244a15f334e05f97bc91a86444331d1
1743	6634142902560545740.wav	47.940	5caec7d4a40231714f56a4826d07eba3efc3cc7326c7f1e05599cf80df36a8da
1743	16566492515725856337.wav	19.860	5f3fd29170d33b5ec9565f3100868e7bd5e47d1cee88cd05cbb12de55b2372b0
1687	18306148757630670005.wav	7.020	d8bfbf179e5654a53b2486a3f753d623b5c2421fe543c1ce324551c0418f76d6
1687	53923489618979659.wav	12.120	1ce86fe17fce4502696f4fc4b9ce1798a4306a54a51dc7f8e23ae32d5f541f0c
1687	8207134619231647578.wav	10.440	7700e7b5a4da9530b69ba9655e80abc2a4509fff73379917b5285df43024c5d2
1899	9701392686360424516.wav	29.460	3a547dbfd61525ef1f71f12cedc3aeaa78a7a90489429ba1ec88a5cfc85720b6
1899	9724003180674078776.wav	19.620	4c75a2dafe051d3d885c9954cda472e536ebf8c80c00ebee27e792110e4a6caa
1899	7532002148152092770.wav	30.180	77a4818fec47b084ffb35f31a18f186f09fcd6c9282e07c4902411bc8af29649
1911	5469993520641021548.wav	9.000	ccadc90e85c9decfeadcad36f473e3bd2c8e0d3285667bf837f3be0c1f9cf1e2
1911	14260537150982658802.wav	8.400	8203a0bd8dc58bb0369482b8420fecba88ed2500d50077c29ac9e1c6b979b008
1911	8099808698118361542.wav	21.720	94a773a27d946cd8fcc3740a3f5273c369d5af8dab2e4adec388f9e0a7c1edc8
1950	89247519532246531.wav	14.700	19b4579ec792969832e0046c29f4cf8356e7aa98b15d34e495199f2fd84b4158
1694	5781250242240387334.wav	12.600	575a57ab341468ca676addeef003bf954842ada8e1450e32b9721b57886a648c
1694	1125668419763970255.wav	14.340	3edac7b0d10f5983cb569925354a85d3eb3a959f2f75be9b22e6051e9636a130
1694	13179512124852186050.wav	9.720	72354101853892921150357f2fe6a23a3d256abf0af6c64de8308a043788981e
1772	12192829698375546862.wav	12.840	f6cc71d1539fcd85a04dbe5471df33e6e0fc7037ad11d571eff8f74e245b2b6c
1772	10342213717361642954.wav	5.160	204a237d85f4f7b897e88bc10ea21ef80516a9e11658c416b8a25e470c971f4c
1772	18211678901655621571.wav	13.740	1b42e79805b56807d4affdc41210a514087039cd71bd58d4647fe57d1f38d6ef
1841	17006403386690106730.wav	10.500	9b077e405a7f55d1824adbe905c73f0e8855b73549f91988937da490f037248f
1841	10438132720416552229.wav	10.800	9cf70a3ef231f81de158a367fbf03ea090b0d2db508134eb71c36c8db718e45c
1704	4107828992067545739.wav	7.560	ed7fb9ef29fc85ae5bc5ef1cce18b5518ec3f7e995579ffb4dba88d39c65f778
1704	17413417221453353914.wav	10.920	8e512ecd791b796d868192576f90f90a7981eb6c351f1260d06a63876ddd7e92
1704	11680775040722206910.wav	7.140	21450a5565d613636a5f9ee1d573614a9e0f158e4b9d5da8d48cb52dee5caae4
1921	13309643757791230587.wav	8.400	735427c9be62a48da5a6d624b23d8300b72d739476cb0b7882ecf539aba43f9a
1753	11128806973804730946.wav	28.980	60c0105fa9da05a3f8f215475ee7d1bf2379758eb5657ab330cd262a4b2504d9
1753	4778495970815333333.wav	15.720	49b2f9c815e73a6589e91578f52c9391ccc43e4665100a6d4813e94bd44cbf8c
1753	18258178889623554485.wav	14.280	47a9c2a2aea778242d752cf4b6250bfb547523a639147e65c539670086a7fb1d
1697	3721203246244038506.wav	8.040	48b1f75cdfb9a4d6405ec9b43dc117c728de5850b650ab679b2b660a026f3d3c
1697	2221304271020412143.wav	19.680	595eca94d31afff62127935e2602155a4e768ad1b960ec6ef50f7496b14544d3
1697	17060411328954606361.wav	7.980	ee1ad7a43b16af9466405d2c1c8c0c04af73f76ead34da20b1535e6de682b70e
1891	5085509947417478932.wav	8.700	dab681927db59c0f0772c3c9596b17dbba462f2814832b61bfb1fedd0e2e57e8
1891	103625751236710165.wav	8.820	872936f2cd06f563376e753326cac6d7c5ec04665e2878da5c83f5d79c0d9242
1852	5830942540756837742.wav	18.060	2cd4010601a68051c2fdc659afa3e7d01c54f2847210033e996ffc0712aac268
1852	1110861974519460653.wav	30.000	d9fbad49b6ac3514cc6174d158f62f7a53c1792c66a21e8cd2554eefde3b01dc
1852	10171859810965764480.wav	43.380	88d8a8d3835f4914c5f05d5c16cc1e0d5bb6a431e3385cfd8ec83f56f322f981
1799	1130580489399786699.wav	15.060	a03756e578a9d1f5414867cd5984d2040ec30b64e03f343d9eae4f11fb1ff9e8
1706	2072166474285745190.wav	10.920	c575640e7c314c3947f4f126113bd9482d1bd02d70ddf952b1525f9ab8a87a18
1706	17869252322900129501.wav	17.580	697be6cf3071066f666e0a0af23f35ff09ccb683185e7e8f4c79e611a568acf4
1706	2810783730422123848.wav	19.260	9476441bae05048eb4f9bbb4c833e8ec2438f85b2bf6dce6305e10e1d1846312
1915	5480888688479841359.wav	10.140	7d1ed1fc26fe180298863000f271ed982356e79cc9fa76502fbb42b32413d1e9
1915	8060637266408501125.wav	11.280	a2e0c1828ac1a294ebea5c023cca6723a9e0c31e01c038dd649600df4878e385
1979	14808875667840741301.wav	22.200	9b24d4dcba300fc2cf870702789187baf1943072854c8826a280e50d4ecd2009
1979	1463105846377948821.wav	21.360	c801c123a27825f1d518079cbbafd4d106572ead746e145f8d8bd27254fd2cbc
1979	17876373979301248709.wav	8.280	1ae6c7cd50dda210a060518cb47b2bbebbd9d6a1fd7eecb47026305021de50f1
1700	7750368031118920128.wav	7.320	6b85ade9c2bcd234cff5a7fe1ad15d25907eeb20683b40ec00e4db8e00264830
1847	5054808651382969097.wav	15.420	c6f659976bbd49f607e625344bfcfd55c9e11aab4ebf17d5f34a10efcd1d4767
1847	16270727513661331945.wav	27.840	be5796194830424047f20d7b2046d9f3414abbffb14093f23ef14c23f6116245
1926	15971144065590906059.wav	5.880	64d3c22b03f0dc6a840e524e0ea64c3eba39bec556305b5e50e1f92fbbd6f131
1926	3392648635253421378.wav	9.540	21122d624a455b2068c1e3d31b4a0a7cf34d9fa26c4cc1e4ac1ebe1ec82ba637
1926	15654700350999613459.wav	5.340	6cb37039039c754a5254394f6f5c5051fe35a4fa40cb7f4e4f6c66fd64025b89
1805	6384990327778553308.wav	9.600	910724544cf8eacb109caf908bcbb95304f50e67cacecd3586b716ee86b3438d
1805	10784712605777347760.wav	9.780	803e64e7e1cf77961f240b44ef3f20b95e8bbd497416b805bd2b9e7e97e42660
1805	10371526464884803925.wav	13.800	87103fcbae3fa6f7883ddab89d8a05eeb50a72a5dc7c3ba368f6b44d6f243870
1664	7718225761462485999.wav	5.880	abfdc48e17a5732588f96949237e44d8ab1ebd7fd58c0fe61325eb6bff2b1698
1664	3251613536890899752.wav	8.700	0f8201286de9de1b71ae601055f1845f24c64a0e79e02b89f3793b3ebd4061b1
1664	7662538099465174898.wav	6.240	be3f45e41885a1ec1bde06131a2dbd02fd9316043bb3475c41f117e8890fad75
1886	12742965603820056860.wav	12.540	8a2d945259da77bf60cdd7ae8f0d728da42324f1aae91fd36dbc675f60dd7814
1886	16580977694186453435.wav	11.280	097dc4f9304a1f76307e933c44f83ea452862cfcb44f836dd04e56952978ca1c
1886	5445363293475205454.wav	6.960	3f50345baedfcceed00eb710c337783b7de3b1ecaae564e646991f4a2632fbbc
1966	14243037649151179077.wav	12.000	4b6fc9083f21f5e3fb784b29cc5b0389841eb763ba99e3173114c1b109317ddf
1966	4242275010848929739.wav	10.620	62a7db84aadd3ef872fd52f95ffbfaf7f524dcee12b2e5ad4a4ccd5ec3094c1d
1966	12776449081388495774.wav	13.380	669ca3fe4f47e7f5ba15c6eb6559c92c83059f746c01b1e9e9adefa95f8c9955
1801	6043250644512988916.wav	15.360	e0e5fa044147bd92bcb5840a8b49db25ca1e79c0806fb19be89158eb89328233
1801	1169435861059669425.wav	15.660	55c75e927ffbc846e63d4cc9a013870502985eae5d89b35db72786a8cce57a68
1801	7939520154850247924.wav	9.000	3f0d89e3a090105e1509b6e5ff7cd04dae9be15a23c1fc4cc50b5e6443ce8b0d
1802	4817240756500815815.wav	13.080	fa7b9481d1c8636252d57cf4c9b810f28298585890435193d727cf7068255fb9
1802	1700805981612947686.wav	18.240	9f12deaf269d9fdc79824c156e6d2f432ca1a489232637ee6fcf5da2b9478f09
1973	3986562093144886256.wav	17.760	a28f0fda621bb782f971b99b50375314a124b583b189a608bebfe135a8bccf13
1973	9973801679112128833.wav	17.460	df2f76ee81c16f90e9e51306264ba270249d13113b3c528309a02dc9423e789a
1734	14773722935832990560.wav	7.800	fdd4065af2e04422ab4116031aa0536447bd15ad16e11a445032a1463aba6891
1734	999948673833499978.wav	11.760	9421cc95434ba8cd5e209575d6b4f9799aef5a6a48e30cff5068b2f2c68d7cc6
1734	3363669423401490344.wav	10.800	07a57b12747340a0760fd8b0e7ac2d0e3852f63e1aa4abd8b5b661a29e8953ec
1908	3029726758763058964.wav	4.380	74ca45208b673cbe5966b974fc71dbc67d76a62ea53944900eb4d84526b2404f
1908	6316352589520072461.wav	5.040	1b821aef13c923d1da95d424a39be6e47f3a621d4eb9f75af83c1131695ea0ce
1908	4343792187032295371.wav	5.340	101aae25ed41f6d1702488515e2925e7a20523bb11db1b773e216fd7e92f211a
1873	13872990768080054741.wav	13.380	d31e6952aab1d56979042ed8d9647a36ad535a1a44e6ee03066fed39317916d7
1873	17235464581082001851.wav	27.000	2af45a79310a93a4030f4b329512880f37ec3c66b3c410f9de0c90b5db2b136a
1760	12408906154111618341.wav	9.960	47d7e3f7db173d32e7432422fb4a144cf057f9b5fb39050794bbe3eb16ff7720
1778	1723516658369460617.wav	4.140	9bf8d2c76ff12dcc5df6b957fd66731f3082d757184d0145d2278c566cebd2e5
1778	14047624985985808983.wav	8.520	4be85f667f699c44edad0d3edc758bd310cf770658ae6898cc22ea1b0fe2cca7
1778	17166748072733034763.wav	7.200	05469f4738143ef6c56ce9e45a826cfa6a88366e928dc9194fcc52a4b3ad4a94
1954	2746386222531531987.wav	13.620	e046e2b2d9ade2942abdc2f8a1ce37d7433e9f45d46980c0aa455d54d2efddd2
1954	13320530872566591876.wav	8.040	21ee994ec91a134fab7f95fc3f0a6765c64b353cb3950ade0433b11856f294e4
1954	14725744388459661048.wav	8.640	0347ea47358ead99331839c8c83abc3e50acd4d68eb5bd4d780d4e26eceefb39
1672	6019222102142148906.wav	6.780	379b31ec141f72abd4129109eb091f2e727c11a5eb29d12bc8f9c5cd52215cdd
1672	8477093674579226627.wav	6.960	a10dcf841313bbb7ace2d30018f1e34d3570df0978882d0f1278b045391f4951
1672	13575465750037228802.wav	10.500	965301c762927c5e7d97cd4e509c66d5fe959c8bb756436f4e094e33cb174582
1750	16553729128035431921.wav	5.160	fef6214d5d9a513c6779296434f6199b51e0774e4eb705200115a22ae20e6918
1750	12560315353818040161.wav	8.280	dc80c3e6aa28d0f459bbb03121f4abf198e5659789a05661b6cd2e6dbd4b6ea0
1860	5900608707534692750.wav	5.520	466e2723f1fdb9204bca344b7cdb4bf1eb1c11957ceff4cc38aa6336806a99ea
1959	134721741713393563.wav	11.640	d30120047193bacfc87d91c9e33de568dfd9d0cd8c6de895ed5786cf08b9165f
1959	7961778284755692678.wav	6.960	6600ae2b0a4e6e95b84aa2c4a6fbae0f079c3e57cc24a35e46c8aeddacb5beed
1959	17427917530747381591.wav	7.500	e0f344449a9c25c1da1ffa9534ea1fb17d33791811a470db583b0cc7427dfbd0
1993	7554217831301872194.wav	13.320	2c8a0524cedf0df6e1ff61d7ed80e3f6136b753bb13d3f58b79f5bc499ddd67f
1993	8254560767576912269.wav	9.240	a80a4a290b7f8885ea3d25dd157fe1d9a25489f5b3417415c335f2ad2e2a6fae
1993	18280319729972501714.wav	9.240	ab747939a7236beabfbd9d4ea6cf06d1588ba7eb0e5a9294fbae1251a784352e
1738	1541478847822588926.wav	11.160	de63b0f362f68f83213616322251350c28e353766ae2fba00b134368adabe71c
1738	10009182821551087671.wav	11.160	90d0470adf728783e98cc8dddd51e2c2cbf0d6bf360da65f7d2ac5c3e65876aa
1738	4819034865719183672.wav	10.200	8b38a42ae96f3484c9c38229f269c5f184e0bcd5dac2aaec14c830e2b83d7c0c
1667	9338926399606482905.wav	24.060	47182adadca106c46413ada4f1b94000125c023d198485654980e59223e29df1
1667	14812431812112878039.wav	27.660	b782f85456f6990fb6af6be4fb565861b787da813e9d94f44f620b705bcefa89
1903	11621579334234694158.wav	20.400	29fec5866b7b0de33f3fd116fc59afb36bec6f1999906befbdc34ed1e014df31
1903	4423345694175849691.wav	8.700	607913ee5eee5cbd678d717114f9de91ad6c81db10ee96ac7be65d3203813978
1903	4137307427460347683.wav	12.240	fb7e6710adf706e29233a82f4943813a0f4ffec38ef1916f241010800422ea27
1862	10240730312646485406.wav	16.860	c9d1ade20c467adc98fe23fcf31f28292f4b0ee6370babd783e4b22f843c4395
1862	14054834127542438338.wav	12.120	25b726bd7bf75ec707a945656c98245b62f4ab103fd7fc21f16d3e3165799b59
1862	9045243611409192005.wav	30.600	fe3fa8d141064db02490c768e070cb4afd8398605f37a85caf7d2a83e963b7a9
2001	11715892750462546813.wav	18.600	b0d9425561e73c7a522d37e2d65df9e0741c157d32747694282873b293e5f690
2001	6775425444626143404.wav	13.320	9de72839c8c810c2445e90dfddc165842777cfcb8ce829287d3a8d23ac0198c3
2001	11198250994598447175.wav	11.280	b5f3a6dafee1a1ba330b78be7eb184fba8dd4a269ba92a00435c4b6bda3eac04
1833	7519616025250741852.wav	26.160	0541f80e75b661482b390da3b5b64bd54b39f18872ebf9d92153ec11ea48e79a
1833	6582164325996841009.wav	10.680	de89816c737ae9f0da1d5bcb9659e7e5ce960593b366719d13fd261129efc134
1833	9878458171325548073.wav	10.080	9af5a3f43a750458695bbed7c57d9727a95a5983afbb406cb348aeb49a0b6bb0
1722	3582261265024162533.wav	10.200	92e69ba4dc3920fdb3d3b9169f7eeddc931c6ddc239d4b5648d1bac3545377b3
1722	18173364472777163131.wav	26.640	2889269e02aa1bf32b88d2c157d052495c9a5ee67e1e3340340ae84895c4cc25
1733	2762128760169664704.wav	29.100	aeaab8c6e486df7c0ede63c0d6ad6c33324ff684124320d46d2eda36a3330af9
1733	13271963371296355480.wav	13.800	365c6ac6220d099ddcb17cef8fd77616bc2be4689ae113f3c451e951a2f6678b
1733	6231552506084300234.wav	20.880	04708d944641ed99ae7d9f3a3927742dc0482469fc93340b752022cd65cd5a72
1904	8780141329268359157.wav	7.200	3f222670d8a87162c6e808ad73c1f3f711e329ab948d139dfb16a986f4e7edc2
1666	6234855942488554382.wav	8.040	c99e9ff0526e2688a5ab2c54ce4d5ddca2343b7cf0c941938e0652f3e085e3b9
1666	6177379652368982884.wav	15.360	07310c6f263d41d04753285b62023e1f6538dec6a5585c1d6a0f2539079c7da8
1666	4807927553917148837.wav	17.760	92bf64d2bd913444a9614aa2c73eb25e9403ba1634051074169cb2e05042c227
1982	13841461115599199415.wav	8.460	a84f05ffbce83647908dc74aeceb6afa283e272f9c29a7536aebff590785f43d
1982	12401645094896039463.wav	7.680	463640db4439daef9b2ebb4035469ffbf0d5d0753c5226ac5021099ee4841cb1
1982	1841174483274826400.wav	11.160	e817bf76dddbbdc85646bb899e983c779c2107056f2b0b01eb79c52e86050147
1930	2898985736467661787.wav	6.840	dc546d58db4e84a7ddd58c71c4522b33936905a76151678c1e75d1938bc6dd68
1823	11483238450854783006.wav	11.580	9dd71a3b6999f70e50ab027e917f19a1b99c414344abe25139ea3e16745014ea
1823	9015945056698101963.wav	8.220	8db2b8ac6e953ada7626b97d0275d2cc38fc1d59723ea30f360cbb711c6553f3
1823	14312422063213348012.wav	12.300	07187ceef9f630c218b72fe62d74c3c625310631b75898cebcfc29b1d2727581
1834	13466535270247089964.wav	10.560	f01bef5499d288d98b5f97ad6366a47b7d666e8cf2e3acabc249a6880604d9f6
1834	563228449070854239.wav	14.640	d2c068867a7760de42bb05dbaeacc2f71045cd339a3c3bab8e25816e60c71163
1968	16566125829281797910.wav	11.160	ccf83b78a3e74b5da145574e2a2830b84657d5722be886a15fcde0d928363d45
1968	4832193826057063200.wav	27.240	19a726bd295fad2505224a510e2f3abc871ece69d7a6a801cd7dcdbfb3867e88
1831	13061207306792099534.wav	28.620	41dda981b4845071bf81b17d71ec71259b0b48ca13931cd2bcfb3d149544a62a
1934	14618700998811392153.wav	11.880	941db5207381b644bc2d97e0c01eac79f72625803ab93b4c863eb56bcf74f282
1934	6652145158468483565.wav	9.240	b2224e8891e360a61c4c91d928f2756bc4db49ef8ff3690deceeb79096418523
1934	1996165219291976870.wav	8.220	d3369875ef3c028442f4a810b7240b62c134da09ab8eb3db97abef4f2f6257c9
2005	9872164390861694374.wav	14.760	6c4c30dc968b6de42493ee7905780c1d2a7d5c3ffccd7fc5f88e5a19405e8c2c
2005	13371352638528919032.wav	12.720	29a974ae53677a9797bb5768afaa2c3ef1929c4b4b7b10305e18b2b6ee998edf
2005	15302963583449963904.wav	4.680	464adb409573acf4b391bd1f61464803ba084079985080b24cb642a1f1a319ef
1876	1194309087192971067.wav	6.240	bd58374c64fea696883f074098d88612dfc1cd6b07bc08ee6c121bf445e4fed2
1876	944414328685238377.wav	9.420	86c41c5b37e3384908fe390ea6d7b5a6a296de408e51db62e911c732d00d43b9
1876	4935912655833340416.wav	18.240	b9e98055967e69df0be3703d101279440e67447d688f259a9d6b6eb6f6cb99ff
1850	15084361234414811209.wav	11.580	a6fcedd2ff99421c159ec35f934ef97763f3ab1e6324240e022534abeacdf230
1850	16369620900070164751.wav	11.160	4cfb66fed7a3bc47e79fe9650055054fbb16a2ec39d6cff827fa6e576fb6676e
2009	16429321293940476178.wav	26.220	d971f6cf2c9d8101f297da2cc3f980faf3d2058284c420121b42cd2004d18d93
2009	1313857887324292238.wav	10.140	7343584a9954a0efd67702011b909de7f795199670c0874b3db04035aa6c2548
2009	4308381854735925912.wav	10.320	0bf78d07978ccfa890179dad4113bd4389e254dd3ef1be6f77ccfbbca89d7449
1779	1655089943166750972.wav	12.900	41f53aa00c6040a0eb4269fdf1cab9d390ee21d3547aef85bfbaac8ae1cc0cfd
1721	3024473953529334844.wav	13.140	75a27371a6207f4cf44c25bc485369ff8b5f31b3ada3a544b47e860a88ddac9b
1721	4111954713959760898.wav	8.160	1b76709608c3771b7ab1ae6301d0f02270fc0bb120c9028d9300ec881a5d907c
1721	10159541282515887574.wav	19.680	a7612cced65c81b0e67b7e4fd9fea1a6009d172f89fa30c2fd7beac519357476
1878	11858506543534190332.wav	27.240	4b731d8b4967081803be1bf29d390feb0f6aed2920da6fe37a27a7bd805d57de
1878	9525684164639423851.wav	14.520	4b0ed1c6724ca6aa7ceecf9a1c1cb6c7f6f3399e2d9a9632479f1dd0d5c90145
1786	239117151326285013.wav	10.560	0898b241033c35ba5b191238a2392818de19490a08b3a0390f07a3d0cf922731
1786	3157111214050006152.wav	11.220	f54ba8aa159b507b1d3216fe147645509fa29fea8f754dfe497fb5ea879a7805
1844	2942910724580632864.wav	7.260	c1155eb42396f67b578ee922509ef1a45cab4d85c12eef647aa8b0aaaf7064e8
1844	3970715743394147269.wav	15.000	4bd4c1c45e8d06b95ced70cb23914b20575977cee17ccd58cfdbdd04fc67dfec
1844	231559349054645727.wav	8.160	495465077de74fb3cddc909fbdf6f5b4b4cb23b87da6e1366acdb98825a874bc
1894	301812332537491722.wav	20.640	15114cd7c1f6a0cc383651537e97161badaac1d6836eb9fccc0f607eee82fc24
1894	13178896418285412993.wav	9.180	12a0ad21d9d44ff8333241562138b18ffbf97b28153de220ce35f5c3f060d657
1894	10365333717345563614.wav	10.920	6ffd4413d20ddab8f8ac47042d7ffefb97d0cae7e947fcf7835b5650029a9c6b
1996	4996376112031788319.wav	31.440	1fe47ab1082f5377aa1b7fd2e0335c801ee171a0ec39bd9a8365aeaac162339d
1996	2086646754220140621.wav	10.200	5869b4b984262bc5b9f3d3ec711d4b5cbe43bc24d681bee47485cd66b397f8f8
1769	1123411366127027322.wav	13.920	5e24ff01bfef4e799243db5babba3f801293a35bfc04365e148b8115cfb5c15f
1769	10523281885564082084.wav	15.840	5ee9defe6e3d6b1b29571fc5ae3b6d736f688b97c6c2700d65376d700b29d35c
1745	5102648439266552471.wav	12.960	9344129cc7a375fcaf10aebb46c343f23034676c37cf5751553dc7a50870b345
1745	17825881598993564943.wav	7.560	5dc55f01c13817e52dabe36bf6842b202c6630ead356327e45946847e17b0b58
1745	4829498321383933674.wav	12.120	24621ac80e3170eb3d390462e3084264c628e45b38d1d5c1f67da50697094c92
1787	2499153739393027426.wav	7.620	e6d012d5093cf4df7c4895b9efe010714ea999add4e2467ac39be91bd5c11c51
1787	3806781564620535764.wav	12.060	882f6fa455c1de7855829dd6b69e7d393fb2fe4797551b2e39d4c3ab4c23cda1
1787	17872698794903471221.wav	7.800	667a95a7bfe5d1beb963b11ccdac2ed3c5f437f2974bb6fd1e3a5fcc0d92b7d6
1935	10477370799955229240.wav	7.080	1f52b462403f7bb4118a9d9a71f8f8cb9032dd0ad7b258adf977373ccf74e484
1935	6856295953994709666.wav	7.800	7a6e1f49c1e3561c13a5953ad17740f578f4aff1ab795492aa6d646562015473
1935	7163635993646371693.wav	18.000	6ad4b97bc6778e4623abf9bbbf9543f82c702686d26b221137e17aac0150d6c9
1809	7084511439554728202.wav	15.240	c94e860673e0967ff9e61d1fe25de7516506266dee0bc4f8a8df4c2d952a1b43
1809	18293921016150136917.wav	18.720	df53726ea492395a01585db7a63f2116f6d714396cac9b15c3618bae338bca60
2002	1606320024735833375.wav	10.260	c8ad9007d5d1cf8e99bd4e9e13e68dc1e22b1cec974655110e479dd24bc6dc4c
2002	12232428294216528026.wav	10.920	bc7a4041daaec409494d429ddf4a64d574313bfac0938452b7b3314cf6e6790c
2002	5917794955993895310.wav	6.600	fa556385926124b6605b1bb3ac2d2391f97f075c4421deb2f1882081dedf13d6
1742	17268496851682272577.wav	9.840	045e71e24c7bfaef7c682964576e932439bd335725b525ecd18ba7841080b087
1742	14577870813008039812.wav	15.360	8145e9eb28f037170b1e90c109e34243d792471c131895516ed9e0969d6d938b
1742	17195258990521172510.wav	8.700	5f12ff5962d3dbfda77b73394f92baee95416339d797fbb4f37466e00bd3a65d
1851	15703599681428731412.wav	7.500	5f2f73d43b5c230c6c5f51bb2fed2b227349342de50cf606bb830e235a686d0f
1851	18421048143039700670.wav	21.240	ee3ede4899202bc54d9ee7c0db5ba6b43ddf851eaff68139a17c58fc0301b12b
1747	15068088434549548539.wav	6.540	613dbbc641c769e7a80049f39a2aac71b579783dfe6d3c3f9deed5abd2ea9341
1747	15258246674933554652.wav	6.360	13277dcba7c9930500f38b75a603bc491a28aff79d3a55c1697929fad29d7a8e
1747	7471549809031321156.wav	3.600	13bc8de2892f49e4bcef918133c233e824a613540e032f3cabf5616c08d9457f
1790	7632045516699035055.wav	22.380	e87ae66674fe3c88b82948d05d5d5831219e4091b38deffe23bf1d32e0f750f3
1790	17391134367022364040.wav	13.560	17b815be1464c3af0222e48d42230624b5347be38da85d68bb6c1c6b34234b39
1861	10879275831013792410.wav	6.120	9cb45cfc77762176a7cb31ac546f6e3988bb23b20740864ed713d4226eae1667
1861	14919285036506406403.wav	6.720	340d9fd4f8ec8d06323dbab026b9b5f62d9970ada49e0b40c64511f6e2f25077
1888	16138251570024249537.wav	8.220	74b13c4cf505fb7b92495fd12d4730ded00847c21b764356508a8b27f6837b27
1888	173674667177767109.wav	8.400	0cc6ff6f16631910ff6850e7ccd86d1a54c128245137822a213fa770bf76015a
1988	9833819312231905612.wav	22.860	bb2141a69bd126cd4d79473f0694121b1ceb49580560f3d9e347b0c91f225333
1988	7082161975585827673.wav	7.080	84ba3fb150d517d91dd3db8fff47ab51223faea25a7c0a9cd07a102dd363b6bb
1727	12469687922553363616.wav	12.180	08a61da4b9158f9112fec934612da88cead54e41ed09081f919715975db80952
1727	494890838612992387.wav	11.640	c3f56485cca5b70569a51a28cfe9b950a62693def91e5f3c8739165ed8537798
2004	6562083901599303807.wav	19.500	ef6a5e87c42052e080f6b69aebd7c14012ab089e024039da40779c3d36bf6b19
1813	18390095871490664051.wav	16.020	1b9afd2bf8345111f32c295021c2ba05c0f71e46a612ca45aa65a588655beed8
1813	12644066855252745960.wav	13.740	13c3875eba851a1a9d5391d6bbb2e76edf23771626458e977fdd0d45c4c93f0b
1813	14160549046777242092.wav	15.240	8a528cf06491891202ad78b671943483a4cfe18c41e712f87bcb6a982d9083ff
1971	15533919658135223518.wav	15.720	c3fe09276b7a98e3ac7a3ddc2bcea359c3860c06016267c88dc7d7b45bcc0ccc
1971	8160745505942577895.wav	21.840	5e487957600a57f4db5999a2b0ed2e9b72d0846285ceb28efc4dd165f25fe68e
1971	9046641529414413784.wav	8.700	e3ea4e3f59b8bc619455b4b327de94c8293ce7902e14db895434ff82aaa1e44b
1763	15231653817964823262.wav	15.420	e5bcedbcaa04a353434a3c4b719fbf0206219dd6d634682ae26d0e0aeaf64794
1763	7018087103473992546.wav	15.180	f57923472c7b6f630c8f0f66d29f03db66fddf853a2d01981cfb6ba588b32069
1763	13788737901225809906.wav	7.920	02971522253d8ac6b3a1884526e4d23ee283d7f2bfeeefc5c1d27a74bf9f336b
1975	1519404928711547276.wav	8.520	39822fb1b5c331c4f14451057ae89160bd13ab39b7ec4fc7a1c5e75ba8f2a854
1975	5797610349660293486.wav	8.520	53a1b313c06d5696e58e4e094c7516c4881583007bc609711d8a9a9146b3f5b0
1668	13687270558726908593.wav	24.660	c4122bef9624efe63e38c373b4ed3ebce73b37e70999263bf8e7a0aa6e992f4e
1668	17464087427779801353.wav	8.760	23efe86c64ee3e548344c14c5f6ae4da1675754abca7be2e7c3ce0db2afe6a82
1668	13631299328082055159.wav	14.700	45c68c4d33fb19c105d773777cac155056b02adf3bb7f27bb16c72ea5cc2d184
1723	15489980746395123674.wav	17.460	e3c1d748a55f485b8851a7e73232bd74288967461180b38160910cd9f14e7202
1991	10732445453292558670.wav	23.220	d50511dad6b9785df01dcd875b5c18a6da12a19bd2c338a298ed997eee1e7af0
1991	14373390416162036259.wav	21.660	c53d01f9b6d200060e0db2b7fe018d4ceec1bf78ad86534022eefb9880af31bb
1991	15346074177752739220.wav	6.960	850f50c7e27e796c12fe0ea92b3c6b35baf1b56331b14162593660041280b129
1741	11077680548893266669.wav	12.780	03eff0531ce0e155e78965deac278d110e97ce57a17579e4d1cd0390adeddeed
1741	118598419729534489.wav	16.680	d4aeb0ccb728f59df3e215ef5326085efeb444012169eb2e8cff45dc08687212
1741	1814582944358689908.wav	6.240	bdb34ed346f8bea3d5a6aac182680701f22ae10cc58b4c4d4e3892ec6874139b
1806	13340325550442074798.wav	13.560	68b3428c1e15316b8c53071d47297dacd616156c468519110e62cf25132ec410
1806	4207577591201490416.wav	18.720	ab67fbe16fe12a1066df967cde394f0ed5131954502bc2aa67f36f5ce8e9578c
1774	16796187578376436627.wav	13.440	b2d4af9769a4f102705d56c396d99953a2f96ec33c07b47e921c3a4332c68bd5
1774	16639332026610421479.wav	13.800	9cc6d6657f36fcdb50eaeb5cd35c918bc26af18848f9accae264136efd518083
1774	5067850698728578589.wav	31.080	505396c6fbbbb759633def71cd8f3064df9d909a14a3c0d8b16e83d87f553fe8
1933	12769451296103711814.wav	27.240	d61c58298bec4b1898e12effff5acd7dde876729c44ffdccaff94fb6cacf00f4
1933	424581460626951163.wav	15.360	bbb09cfce4b297da464972f8c4be407ac0ffe85e338b25dd1ed7a67dab728622
1731	18159029692349071985.wav	7.260	6dfd9f9c97b7ba5d7101b2134d1fce82212ebd11483c9e939c6bd6eda21ad005
1731	10920563566316038231.wav	9.000	877b8c1aa95621b700c6f64b696491d147fe0a2e93167de1e0bfb9a4b23d4458
1731	16685090897367040825.wav	3.960	23d69e100184e2fbfdb01dae284a3be41142f33aa0058580482887e918d278da
1983	10550358236047036338.wav	13.920	1ea01a50f52d1921476219b7075846154a64b84355a72112bddc6133108a954f
1983	18331167980110055773.wav	12.480	8f345d39aaa50717ff05f30124a215d58598e449d278b887a171c4ca78428e8e
1792	12615367834746805201.wav	6.360	8ba2432903582d3c7981a8e1616cd55629aa0140ab83f64752d61d918e9744f0
1792	3829723690884245250.wav	10.800	c343258e8dc23f2cae92db90f644c67aefc2406c54198a3d6bf2c223ba833851
1792	12165446710529978530.wav	6.360	6ae7b83603351627f43cb0e5b9ae5ce582f94d95bdac69389f43705da50c50d1
1972	3439753945386479444.wav	4.800	38117fa71e07a72e07f142e200a2f114a38f7c9fcc2a4267ab422a17f114dda3
1972	7599592708603954082.wav	6.240	2b411ced78b154d3ff7a430e307d0d859e276fdf61dff6173ef3a7239183430d
1804	3984832977459170363.wav	26.580	312467fc7e7836037cb08d7a26a48b862444c3cfde7e8deb5d30d5600a516045
1804	14227610988741672162.wav	12.480	0b3bbdffc62c13dc082fb29eda4fa79cb46f75ad92457fc7ebb69188657612ff
1804	4377943007234087327.wav	12.300	66a391a510a7f5357f38e5ca28a1d9510b3e3cb7ab7fa206a343504032014f1e
1870	14843629436419205313.wav	5.400	8b925fb2304f080dfe4877d22f6c196a6e39f046d8e8142a9569b3e0848f679c
1870	2657886852505727674.wav	16.020	a86df6c0ef122ca1e0b4dbfdf74b9779b4690d6715f14b877b76d498df75d0bc
1870	8799923487800525238.wav	5.400	f02f82dbb786c320a25b5ee1826c645812279b6d12eba59955c025733594fb4f
1957	6612618187864261311.wav	6.180	6fc70418d66c678e385c4c2e2c9c8cfbab25e7efb7a11ddf84ff709cf21c6dcc
1957	17440945907281223595.wav	7.440	29374ce23249795e56467defc7d49944f89b3dd82489227b7112e17cc05542d4
1914	7487902911569757164.wav	9.720	954de6f41a132e8b9c93bbc361d70095756e156fe8b063c7390b1978005b73d0
1759	8518821054581609122.wav	19.740	3a9f8d2996be44f0588a0f8733e6f50c0b11189a356a9f60465a2836ba0e0b90
1699	11380301437644450912.wav	10.320	4536d5d4f353f2899c81c108443539fef31d91ed5fc1d2d56769a88a5bedb903
1699	7654142245570768728.wav	10.080	6cf07050f8db2b0d70cffc3b99dc56f27d39cabadd099488e08be33eed7bcfbc
1918	7466185587723703267.wav	15.480	e8fe0bfc94ec09c19a5328dde60f5908f5635b5276da577064d05580fcf3ba89
1918	3707110331135393447.wav	16.440	2e382cabd1577eacde97f45d168e1ca43cd8704925ec88512d2bfb494312b352
1918	12117170993424747337.wav	17.880	48e5b25e4d6ba7361980a70070ed04282415a91359d3302f545bae13f074acd6
1875	6137952928321887019.wav	6.060	9f691f99bf2934e308114c63a5a333cafaa09957531d17e9453b1cb3ee0a0f93
1875	10468958335301071458.wav	10.860	ea558f957638c70e7ed575c8f5615f0b75415b826126b3dc6836f1f77d9c8eec
1875	16571286341850950286.wav	6.900	a62a4ebd4226c7505026550fe1750cadd3ca42f7899676b1855b7f6114aabb9e
1808	2344814514592401575.wav	5.520	53af1b409dba74d86ae385488a8cda28722febabe7d24d1ffc6495cfedca95fa
1808	16247497172580557163.wav	9.240	ffeb37c5fca6e52f7aed82ca339e5dd16d1179d1712e53fb7ff8a5ab8a630b78
1808	12565130003400721789.wav	9.660	68d56e0431373fedd4a78311f920a0301e63a361a5c0c75ba132d2ba73a606ce
1673	7942228831847452398.wav	8.880	f11c95623f175594b10c0032797e60ec2016ea0c313cdfe953a9054c1739bb43
1673	722187693903532269.wav	12.600	99eb037011a6d2cbcb27c3d76447753d9a347463616faa1be3e95aae6e219891
1702	13479793818214167268.wav	8.100	19a1ca24fb05e396a15d3800a2880314ae3e782eadf6f387b817a78f7be7c939
1849	10014044777125235464.wav	12.420	13041e21e6a44d30da9595905fbb4367056191a513245b84e64a13449c8d08ea
1849	16647831326365949411.wav	21.540	dec6be98da188e04fc1657db0881eed09ee4a6143bcf39fbf7e7b3d06e123777
1849	3822138153365377575.wav	8.760	b81845082043c521fbc74503a0a647b6fa86366e262587dc2b2ed22a8ad3de28
1705	10320843719886214788.wav	8.640	d41de38bb20f6cf279496ad8d79c1a79812995ad7ec0c0dff4bc919e5e1ff4ae
1705	985652190919708893.wav	23.280	1db815a023c0d5851740f46ac611b067964f5336e058b89ce2889a3cb08a94b4
1705	15300902264308416363.wav	12.120	8dd4fa7506aee63c3f5e46b9feb2ff16544870759daf2f29907ec6238a9f6526
1948	18231871119822132875.wav	13.860	33e087bdbe37163460f055ac6b8556e459fac961a477c7dd04f1713b830b3f1d
1948	11772730817729383689.wav	14.760	a1159e9b7d59dca599daaf65a1ea2ff869d7234102e11121a3dea430cd3a2d69
1710	11986822226082678952.wav	20.040	eaf4d0e414497307ee1da8f96b550bffe9f90ee62bb1f7a13952aa5b74334cd7
1710	8272578014637780870.wav	15.900	8d4cd85442a79abbc5e4ea6aa54e02faebe224e62dc7c14de44861eb025ccf3e
1710	3769880405820279268.wav	10.380	68aecf1f715d1b7f7c95c52e1b79a599dc8d21278b0cafe21c87727b89772871
1992	16753280107441319217.wav	20.700	8c364f1a18ca2bbeb41f63682b01148a6ab6a5f8761941247c7029a43d411d67
1992	9130917427334592683.wav	13.440	e542c66f064101b631346ed696607012d0de01bca757cbb14c7d55d4b30f2ea4
1992	16444623863122979429.wav	11.460	0f87d6d22d34d24d83ba56bd2ab06c341d7f39342201ee95051ba34df29d9aec
1748	1455021043259837713.wav	10.380	d7d8b9a8281268026eda47db363273b17d5f4bb973e0657fd13aa555a04c7ea7
1748	7359370796980461185.wav	13.380	2240a3715d9414b60e1fdfa5e14bf6a2cde09816b584f446b95b0b17d603c815
1748	4654332486608569117.wav	6.720	0a5e9f1e46718a1a86478d759899d61cc4616918a118d0de8482c4e8732e567d
1788	1119405060608952282.wav	24.780	c70499060a63d1f35a96157eef95b0d6c1316202bf713345cc6db87cb94fb82f
1788	13598528500304921206.wav	30.240	92aef6d35d893047b7b5c9d67b47cdf24858a0dfed7973e6a6f8d4a7f0b87d0c
1995	4342749106119278909.wav	21.060	33545e97d40d34b00a5565076377a3a95301244cd8c0c180a282b80cb47dd331
1995	17764463145680806711.wav	21.540	9ec433df064570ec48674bcafcee93ebf26818c3de8d2e88308b6bc99b74584e
1995	13487372113404359938.wav	11.340	9bc86edd45743065bca0ea70204aef6e0e3cde5451a6f94e4a3027f3c1092383
1685	10712512202808338625.wav	22.080	2977612f2b5ec2f0b02db76235200c801575d6901f7742e2b4c4b4e2c072d2a0
1685	14270454542400294507.wav	13.320	30bd371bccbf615f441b32bdbbb97a0812d9e09ed4c8fc0362b89504d792a88e
1794	10592252053735102131.wav	9.240	46ecf2eed6518bc034bf11b3c8030a5714f843927384ae745864eaa155e0d11e
1922	18084366715724991009.wav	22.260	e68df81c2f884d671cfe47063664553d17249908f18b9054636eecbcc9af704f
1922	7939949797809362208.wav	23.940	01f45b1ada1d548473c3a64326a1b679130a501aecf2479c4b333c40ea96f19e
1922	531538752296071575.wav	14.700	5ec47ef0db973267bc2eedb37f2460760509a0376fe869439777009747afe609
1819	15505495057209159337.wav	9.900	419537c368f9ffd6fea0ad78139b30ee8e0b1ce4d0b0b471ab3db6553cdbc90a
1819	5558251893643867676.wav	9.480	73ba19629eafe4f5a2eabf4560793fba472c3df83f3c679515e6660e2b410ad8
1819	1680713858360686403.wav	22.380	35a43dc86f5237da3186be37faf47b43c2fa117bbb89cc3d3df7111933cdb2ef
1872	9129351144911502122.wav	11.580	cc2f2ca790c805357ecc24ebd2da8de570323ffb03815bfda64885ae294f484f
1671	5170221231862717273.wav	28.740	932757190246efb7c1fdda03447a010e4556630a7d10c5f3329d46aedb1f8fc8
1671	6711780488686045232.wav	11.280	ae4efd6b06c7d179f6a600c545a36398ad189c64392f11a2cf0b3260e805f0c2
1867	7402353369668501774.wav	12.060	d9de2e83047e71bbf803eff0992b645108cfa3b98cc51429603e46f1b04f2229
1867	16656065506471046015.wav	7.740	5d709594492a9dee3e344e96d190525dcddf0f9634ad54ea6d865eb667378f59
1867	13245899385281187171.wav	11.520	8cf6c6f323644a37c29ef8bf43c057888b1e9ed0387477e720a88be58dadc0a9
1952	184543636572594763.wav	6.480	dcd8f9cef1f30891d2cc4a94d7134486e14bf2cf1f55c768f210eae2f7a0a48e
1952	16248811378702753093.wav	6.420	a52809226b428b9017a06f3abb0d9e043086f9bbf6f2960f716e1d2a05a56cc4
1952	11615454735315922846.wav	7.440	9779557999afc0142a32566cd58371ba24380f8682fded717800fa13116928c2
1924	8625651271041436497.wav	9.480	7fd97c420ea334125ff8832c164e5a85aaa1dfece2b3f474a362f5d248b32011
1817	15065000663765800713.wav	6.780	828f179119bcc111421aa1841b48cb63dc251a8680b91019b9716eb7cdc20bdc
1817	1762384775127705275.wav	9.360	8da72ec7538d519e95a215f6bd76ee30fa1afc443b2c33159c1c525e9b7e0e83
1817	11833581125162793735.wav	6.180	e15e82766be47163d8433507499dbb88adad1f2b27ef934326c96d867d495c64
1740	12045139917188424369.wav	7.980	993641e69f9a3e8c5b748a4c1a9048787e3556ec67c79a12d791bcae66c7c9b8
1740	9900611883450917327.wav	10.200	601a62bb53b364d3f0d327a93638fb3a6ed7fa7804f6ffbddf689a24731227a6
1887	18165194524420023340.wav	6.480	269be186c880691d1416e5b456c8f7422a01a798adc0d29fff61b9df6868241c
1887	12298893072928022177.wav	17.160	7fb6def91d378455613156dbbd013dfb22a75d18b8064f5941de9a8098f719cf
1887	13984226905108140676.wav	10.860	693ef2fef1a04ca956ad99cdafb6a52d9b24220899f1e1d42c35153361d9a661
1714	10991454026397809707.wav	16.680	cf03b9e9b728c6a5ea7183339447caa472e5411ce9322519bd6c172bcab9d7c1
1714	6305418808799032376.wav	22.860	7e11e4687cc0b1604c98dd1ced4d387b4fa670e0ef1a2f9309b3f84f388666ac
1714	15543968177020686869.wav	13.560	ab364ee46e0a225e85be404eaef177c73e38be48e7aa1c47334e78e71ed69a62
1925	14980998472745884841.wav	8.580	d25ec70eb9d3071343135a327a3911cab06616c31a70c68eba539e3167a2a5d4
1690	11863178777922928400.wav	14.580	eb0beb4d72091ef5a3778e1cf8a3d32718f71bf930f18eee2cb9d9e792243821
1869	7901748115626420531.wav	18.240	ee772a42c05a9e94a521c6bb45c317efd1faf9bf154bf27e7f9aa9a71737e549
1869	10287357790080034783.wav	11.040	214663802b17d4595d399187d7e54224839abeaa06f439da601803baebef0f6c
1869	8290613318882951392.wav	18.180	fa4040509e1d2631f0c855a093dca607ae21749a11dd410cbeead03677e1c079
1985	4916863000506872027.wav	11.160	0c43e8794d2a9f8df6cdd88ba0f7288255ccae82a2987782327fb2dfb3900d5a
1812	18053087492443142271.wav	11.760	25748970a491ba87ba79169f304c7d96a1fbcaffb3a2ee62c7d7d064215ebe27
1812	1973521928551398057.wav	11.400	b2ba88a25ed8d2463e4c588460f953a962ca3a81c2c728289074e89f98724431
1812	6098556034936776828.wav	18.120	27b9efa5a94d37625db4858ab27a5251178637a184e6663159134844d9b19fba
1767	5553000194925282469.wav	10.020	e81831e4e64eaf50a1bd9aa250f15ab0e409fd02695cb86eb4fc6ab2ab23ed7e
1767	3724339991409517467.wav	10.920	d1a5da0c340ede30c134de7893fb233c9e614fe83801638dd311386a424c39d7
1767	15277840396484891509.wav	8.880	b3f1f90cf9adf3255d803c98cfddb3ebe0d7a06afc2e87f759783018f13f4ef8
1962	2983132090352878015.wav	14.760	6a0ed4e46373eecc2ed3da1cafed5c897185929169156dd950b2eec5214efbb8
1962	12906538637743666472.wav	10.200	756855ab1881996a1918e8110b0083edfa205e6ecf0dd8550a9ab5c2fa994b73
1962	11779845243495606467.wav	10.500	0b438df15a5dcfb26d6e16b2f60c7d9cdd361d0b159c90ba4b094720309f9bfc
1937	14374658289612737587.wav	23.040	a233cc792ba012c6e3a0ba519c25e80fb4359b2065d3f3ca6a1634c684c0bf97
1768	12118389603857044218.wav	8.400	afea24a5db1a19f3c8cb29d5db8fddfc3975caa1456a51ed75ae461896cea2c5
1768	7578386996443169430.wav	24.240	f80d37dc2f169dd2655fca6683fea48e3885e6d38d7c08011a42e1fce39db0d8
1768	17743281006726942718.wav	12.000	c618b4391d045b4545bc56933539e4046f73732ca1938da231a1756db13065c8
1766	7644729094781526583.wav	6.240	7a1fad8de3c098c2e02fbd5f6f14b28617a93bc3eddde6c21a96c76baa9f92a6
1766	7930670259497923243.wav	6.480	271bb4a255bee78ec1cedad42d507ca3ecea7ffa5ba3d910422f391977f4e8e5
1766	6613669354083366567.wav	6.720	911f891032e2484a445f787ca2086c04558a1dc594669402be7a7669bfc47e7d
1827	5011188001416485284.wav	10.380	c1c45886b2f61f0ec2ce869c5ae26d20dd500e0952a16394a597709781e20515
1827	1671146694506910260.wav	5.760	835b7aef457a721bc1c940556459b10485829c676bfb7c4397f7e60bd8da9ccc
1827	17925936305104110587.wav	9.300	406e2c69c06df0c84c454ce86ea019b7e03335344b922d392e1d25db8dc8fd3a
1716	4323453320486766053.wav	40.740	ced71ee6ac2d21d9da4b5d474f937c3ed366dc8096a719029c9c06eca5fac992
1719	15616316033828277540.wav	9.360	b2d2e759dff72ffee95861a8eaf7a529e5b2bc43dfbeb5d60f448a7f092813f1
1719	560223774573817283.wav	20.340	10e7cde5ee3e4d82da2762b2272632603958f2818fd6133cedc14a1eb870975e
1836	2359703018205970645.wav	24.120	499eb5f7a0b44f886c35d720dc53aa9cfeff1fff4d783e8a89dd4022d1d472ce
1836	12430059147572217148.wav	17.040	309226759fdcaf3252d8373532fd064f6cc9772255534acbb57f4b5d313d1710
1836	17036526444252500424.wav	11.580	46f7d000d9dbaae37225727271f1951c733937c17fffc40627f2bf5ec49bcc09
1789	7238452334017893181.wav	20.820	9681a047b9890b531b95c626e43161ead825b582257e9f7f582053a7fcb0515e
1789	16302613894874414457.wav	33.540	db336ad7c04a5c5294d07b6f50f4b2aea4a188b405616030bb6625993a39469d
1661	1344636249392808118.wav	6.660	8430e54b4cc4cb48142266537213db2960d0308205c30384c7e84b4660fc77d9
1661	15210891218254551745.wav	6.720	88c5ada33a920d1080c34f0e25bacae7d3a66ae9d935b1f2f1fa7359ac7ec61d
1811	6203761570869884070.wav	7.080	397827afab76a8200e7934357d7e90ec0eeab8f743c18fe9cd3ef42b7a331968
1811	15849842157316687934.wav	10.440	32108254501d419a1d84001a67ed6950b3982dbc4f0cfc3e73f972858934c22a
1981	3421504787279450427.wav	19.860	7802c49e92bb18a12fa4f0da5c0af33628147d3d3f9483eaef5ceba160b4ea66
1939	2116786360818496597.wav	7.200	17a4857d2d4c0a358dd05ca2a2d33272234bb27a70e4657d2866e55c6c888ee6
1939	12920821578755381222.wav	16.920	4069e5304d23367512d5bade4ece9f66e77e959e87046b64c5ec16194156e8a7
1939	4174605467182321596.wav	12.420	d24116acc1e10c6741b022bcbd7000d53e75502ff162fc2800b9728596276c9d
1693	5029291527905533581.wav	25.320	02e4a0922e378eff6242e0b0c60b4d861346120ed0ac019c360461789a17d484
1693	14981520372734328553.wav	8.880	92580b597aab1754f1b6dd23cbaced1cd369064ed39e20605fa41c5303c06657
1940	1496273782318040042.wav	12.420	ae66b52d6fd524bae5583ba71d783baf7b493511c6e8ac7dd99f219930200b47
1940	5110090558950817951.wav	9.720	b1e7a46bd184708a74530cded25c5c2a2599691080e8cb73353da5c09096427c
1916	9621556642219607039.wav	9.060	1f32b7b593e84c9686586f761f4d139687e6102c7d8c2503e5822a7193a3d4ff
1838	5076330092750267209.wav	8.400	b039148f7bafa9ad72e0ceccafe60e672ebbe3691f3c6cc59977989aa8b52b34
1958	6296107236788607805.wav	9.480	d48a75246f9dd5121920f7b3b1714b24c8def270696ffa3eb5ea0a8b8f295184
1958	16360638096120436424.wav	15.840	a74de0d1a0580022b0ff0af4cf0ce6e74979eb573cf60d2c0ede1d9d3da50188
